datetime,open,high,low,close,volume
2026-03-26T13:30:00+00:00,601.8,601.8,581.16,582.6399999999999,4945
2026-03-26T14:00:00+00:00,582.6399999999999,586.03,575.3399999999999,575.3699999999999,4805
2026-03-26T14:30:00+00:00,575.3699999999999,577.0699999999999,567.56,568.0799999999999,5992
2026-03-26T15:00:00+00:00,568.0799999999999,570.8599999999999,567.2299999999999,567.3299999999999,4563
2026-03-26T15:30:00+00:00,567.3299999999999,567.3499999999999,562.9499999999999,563.2299999999999,4187
2026-03-26T16:00:00+00:00,563.2299999999999,563.9499999999999,560.2499999999999,561.04,4197
2026-03-26T16:30:00+00:00,561.04,562.3499999999999,557.8499999999999,558.3299999999999,3970
2026-03-26T17:00:00+00:00,558.3299999999999,560.1099999999999,556.9899999999999,557.81,4032
2026-03-26T17:30:00+00:00,557.81,559.6999999999999,551.9699999999999,552.7199999999999,4059
2026-03-26T18:00:00+00:00,552.7199999999999,554.6199999999999,550.0799999999999,550.7199999999999,3608
2026-03-26T18:30:00+00:00,550.7199999999999,554.7099999999999,550.3799999999999,553.7199999999999,3391
2026-03-26T19:00:00+00:00,553.7199999999999,556.6299999999999,552.2199999999999,556.31,3636
2026-03-26T19:30:00+00:00,556.31,556.6099999999999,552.8899999999999,554.3399999999999,4681
2026-03-27T13:30:00+00:00,554.3399999999999,554.3399999999999,540.56,540.5799999999999,5512
2026-03-27T14:00:00+00:00,540.5799999999999,541.1899999999999,536.5099999999999,537.4699999999999,5089
2026-03-27T14:30:00+00:00,537.4699999999999,539.6999999999999,535.9,536.8399999999999,3975
2026-03-27T15:00:00+00:00,536.8399999999999,537.8199999999999,533.1999999999999,535.9399999999999,4959
2026-03-27T15:30:00+00:00,535.9399999999999,537.31,534.8,536.1399999999999,3858
2026-03-27T16:00:00+00:00,536.1399999999999,536.7499999999999,532.79,533.65,3476
2026-03-27T16:30:00+00:00,533.65,536.9899999999999,533.4699999999999,534.5199999999999,3055
2026-03-27T17:00:00+00:00,534.5199999999999,536.0799999999999,530.2299999999999,530.9599999999999,3481
2026-03-27T17:30:00+00:00,530.9599999999999,531.04,527.8199999999999,527.8199999999999,3528.21995835812
2026-03-27T18:00:00+00:00,527.8199999999999,531.1299999999999,527.05,530.7499999999999,3525
2026-03-27T18:30:00+00:00,530.7499999999999,532.14,530.0999999999999,531.28,3426
2026-03-27T19:00:00+00:00,531.28,533.3799999999999,530.1999999999999,533.14,3409
2026-03-27T19:30:00+00:00,533.14,533.9499999999999,530.9499999999999,532.64,4330
2026-03-30T13:30:00+00:00,532.64,543.8599999999999,532.64,538.1899999999999,9439
2026-03-30T14:00:00+00:00,538.1899999999999,540.56,535.3499999999999,539.43,8813
2026-03-30T14:30:00+00:00,539.43,541.6299999999999,537.18,541.4499999999999,8566
2026-03-30T15:00:00+00:00,541.4499999999999,543.3699999999999,538.52,541.0999999999999,7967
2026-03-30T15:30:00+00:00,541.0999999999999,546.31,540.8499999999999,544.6199999999999,7402
2026-03-30T16:00:00+00:00,544.6199999999999,545.64,543.4399999999999,543.51,5471
2026-03-30T16:30:00+00:00,543.51,545.1299999999999,542.0999999999999,543.81,4920
2026-03-30T17:00:00+00:00,543.81,544.92,542.3,542.7199999999999,5686
2026-03-30T17:30:00+00:00,542.7199999999999,544.64,541.92,544.5799999999999,5957
2026-03-30T18:00:00+00:00,544.5799999999999,545.89,543.68,544.06,4426
2026-03-30T18:30:00+00:00,544.06,544.9999999999999,542.5899999999999,542.81,4079
2026-03-30T19:00:00+00:00,542.81,544.03,541.06,541.7399999999999,5593
2026-03-30T19:30:00+00:00,541.7399999999999,544.1099999999999,539.9999999999999,543.29,6683
2026-03-31T13:30:00+00:00,543.29,565.7099999999999,543.29,564.0899999999999,5784
2026-03-31T14:00:00+00:00,564.0899999999999,565.39,561.8,562.41,4181
2026-03-31T14:30:00+00:00,562.41,564.6299999999999,558.3499999999999,558.89,4038
2026-03-31T15:00:00+00:00,558.89,564.6199999999999,558.3499999999999,564.1999999999999,3882
2026-03-31T15:30:00+00:00,564.1999999999999,565.52,562.5899999999999,563.29,3386
2026-03-31T16:00:00+00:00,563.29,567.77,563.1299999999999,566.8599999999999,3449
2026-03-31T16:30:00+00:00,566.8599999999999,574.18,566.5799999999999,573.15,5884
2026-03-31T17:00:00+00:00,573.15,580.3599999999999,573.1299999999999,577.03,5420
2026-03-31T17:30:00+00:00,577.03,578.8199999999999,574.89,575.52,4062
2026-03-31T18:00:00+00:00,575.52,578.28,575.3499999999999,577.8799999999999,3025
2026-03-31T18:30:00+00:00,577.8799999999999,578.77,577.1099999999999,577.1999999999999,2714
2026-03-31T19:00:00+00:00,577.1999999999999,577.4499999999999,575.53,576.77,3114
2026-03-31T19:30:00+00:00,576.77,579.3699999999999,575.3499999999999,578.68,5279
2026-04-01T13:30:00+00:00,578.68,591.67,578.68,583.9999999999999,7707
2026-04-01T14:00:00+00:00,583.9999999999999,586.91,582.92,585.9899999999999,5497
2026-04-01T14:30:00+00:00,585.9899999999999,588.9799999999999,582.9699999999999,588.6299999999999,5293
2026-04-01T15:00:00+00:00,588.6299999999999,590.4899999999999,587.4899999999999,589.9399999999999,3842
2026-04-01T15:30:00+00:00,589.9399999999999,591.1899999999999,588.7299999999999,590.1899999999999,3253
2026-04-01T16:00:00+00:00,590.1899999999999,594.8599999999999,590.18,593.81,3679
2026-04-01T16:30:00+00:00,593.81,596.5999999999999,593.4399999999999,596.27,3082
2026-04-01T17:00:00+00:00,596.27,599.1999999999999,596.1999999999999,597.31,3408
2026-04-01T17:30:00+00:00,597.31,597.39,592.92,592.93,3504
2026-04-01T18:00:00+00:00,592.93,592.9899999999999,586.0899999999999,586.3699999999999,4847
2026-04-01T18:30:00+00:00,586.3699999999999,586.7099999999999,583.2199999999999,583.8,4189
2026-04-01T19:00:00+00:00,583.8,587.6299999999999,583.8,587.4999999999999,3893
2026-04-01T19:30:00+00:00,587.4999999999999,589.4899999999999,584.5999999999999,586.2099999999999,4774
2026-04-02T13:30:00+00:00,586.2099999999999,586.2099999999999,566.3399999999999,574.02,8095
2026-04-02T14:00:00+00:00,574.02,576.64,573.4599999999999,575.89,7390
2026-04-02T14:30:00+00:00,575.89,585.05,575.31,579.0099999999999,8356.682601445247
2026-04-02T15:00:00+00:00,579.0099999999999,579.8799999999999,576.4899999999999,579.1799999999998,8497
2026-04-02T15:30:00+00:00,579.1799999999998,580.8999999999999,576.8199999999999,577.7499999999999,7769
2026-04-02T16:00:00+00:00,577.7499999999999,578.8399999999999,576.8199999999999,577.1999999999999,6184
2026-04-02T16:30:00+00:00,577.1999999999999,579.9899999999999,577.1899999999999,578.3199999999999,5423
2026-04-02T17:00:00+00:00,578.3199999999999,580.2499999999999,577.1799999999998,579.2999999999998,6093
2026-04-02T17:30:00+00:00,579.2999999999998,579.5799999999999,576.4999999999999,577.2399999999999,5786
2026-04-02T18:00:00+00:00,577.2399999999999,580.4199999999998,577.0299999999999,579.2199999999999,5480
2026-04-02T18:30:00+00:00,579.2199999999999,580.7699999999999,579.2199999999999,579.8799999999999,4345
2026-04-02T19:00:00+00:00,579.8799999999999,581.5299999999999,579.6299999999999,580.8199999999999,3018
2026-04-02T19:30:00+00:00,580.8199999999999,582.0199999999999,580.4699999999999,581.2999999999998,3372
2026-04-06T13:30:00+00:00,581.2999999999998,589.5999999999999,581.2999999999998,587.6499999999999,5224
2026-04-06T14:00:00+00:00,587.6499999999999,589.0699999999999,583.4299999999998,584.0199999999999,5372
2026-04-06T14:30:00+00:00,584.0199999999999,584.6599999999999,580.4799999999999,582.9399999999999,5631
2026-04-06T15:00:00+00:00,582.9399999999999,585.8199999999999,582.9399999999999,583.8099999999998,4515
2026-04-06T15:30:00+00:00,583.8099999999998,585.5299999999999,582.9999999999999,585.0899999999999,3743
2026-04-06T16:00:00+00:00,585.0899999999999,586.1799999999998,584.7499999999999,586.0499999999998,3214
2026-04-06T16:30:00+00:00,586.0499999999998,587.0999999999999,584.4899999999999,584.5699999999999,2871
2026-04-06T17:00:00+00:00,584.5699999999999,584.6899999999999,582.1799999999998,583.9799999999999,3747
2026-04-06T17:30:00+00:00,583.9799999999999,584.5999999999999,582.4899999999999,582.5399999999998,3141
2026-04-06T18:00:00+00:00,582.5399999999998,585.5699999999999,581.9999999999999,584.9999999999999,4063
2026-04-06T18:30:00+00:00,584.9999999999999,585.4699999999999,584.1799999999998,584.3899999999999,2872
2026-04-06T19:00:00+00:00,584.3899999999999,584.8199999999999,583.5399999999998,583.6899999999999,2026
2026-04-06T19:30:00+00:00,583.6899999999999,584.0199999999999,578.9799999999999,580.4799999999999,3069
2026-04-07T13:30:00+00:00,580.4799999999999,580.4799999999999,575.2599999999999,575.9699999999999,3656
2026-04-07T14:00:00+00:00,575.9699999999999,576.9899999999999,572.5399999999998,576.7999999999998,3755
2026-04-07T14:30:00+00:00,576.7999999999998,577.1599999999999,573.3299999999999,573.3999999999999,3886
2026-04-07T15:00:00+00:00,573.3999999999999,575.0999999999999,571.7399999999999,573.6199999999999,4112
2026-04-07T15:30:00+00:00,573.6199999999999,574.4199999999998,572.7399999999999,573.9999999999999,2918
2026-04-07T16:00:00+00:00,573.9999999999999,577.0099999999999,573.8599999999999,575.9099999999999,3957
2026-04-07T16:30:00+00:00,575.9099999999999,577.3299999999999,575.3999999999999,575.9299999999998,2732
2026-04-07T17:00:00+00:00,575.9299999999998,576.6999999999999,574.5499999999998,575.0699999999999,2403
2026-04-07T17:30:00+00:00,575.0699999999999,578.5599999999998,575.0399999999998,576.5599999999998,3021
2026-04-07T18:00:00+00:00,576.5599999999998,576.7199999999999,575.0999999999999,575.6899999999999,2191
2026-04-07T18:30:00+00:00,575.6899999999999,575.7699999999999,572.7499999999999,573.0099999999999,2340
2026-04-07T19:00:00+00:00,573.0099999999999,578.1399999999999,572.4499999999999,575.9999999999999,4185
2026-04-07T19:30:00+00:00,575.9999999999999,582.3799999999999,575.1799999999998,581.7699999999999,5471
2026-04-08T13:30:00+00:00,581.7699999999999,615.4199999999998,581.7699999999999,606.9799999999999,7876
2026-04-08T14:00:00+00:00,606.9799999999999,607.2499999999999,603.1099999999999,603.1599999999999,5588
2026-04-08T14:30:00+00:00,603.1599999999999,605.5299999999999,599.6299999999999,600.7499999999999,6285.292887029289
2026-04-08T15:00:00+00:00,600.7499999999999,601.4099999999999,599.4299999999998,600.0399999999998,4997
2026-04-08T15:30:00+00:00,600.0399999999998,604.4099999999999,598.6799999999998,603.6799999999998,4329
2026-04-08T16:00:00+00:00,603.6799999999998,629.5799999999999,603.6799999999998,627.9299999999998,7230
2026-04-08T16:30:00+00:00,627.9299999999998,636.7299999999999,625.7499999999999,634.5299999999999,6215
2026-04-08T17:00:00+00:00,634.5299999999999,636.2299999999999,628.1099999999999,629.2599999999999,4721
2026-04-08T17:30:00+00:00,629.2599999999999,632.0099999999999,624.7299999999999,625.4999999999999,3733
2026-04-08T18:00:00+00:00,625.4999999999999,626.9699999999999,623.3799999999999,623.4799999999999,3633
2026-04-08T18:30:00+00:00,623.4799999999999,623.7099999999999,618.1599999999999,618.1899999999999,3262
2026-04-08T19:00:00+00:00,618.1899999999999,619.8699999999999,616.8899999999999,617.0999999999999,3360
2026-04-08T19:30:00+00:00,617.0999999999999,620.3999999999999,616.2899999999998,619.6699999999998,4359
2026-04-09T13:30:00+00:00,619.6699999999998,639.4999999999999,619.6699999999998,632.2699999999999,5621
2026-04-09T14:00:00+00:00,632.2699999999999,633.4599999999999,630.1399999999999,632.0399999999998,3926
2026-04-09T14:30:00+00:00,632.0399999999998,638.1499999999999,631.5099999999999,637.6199999999999,3714
2026-04-09T15:00:00+00:00,637.6199999999999,638.9299999999998,635.2099999999999,636.4999999999999,3316
2026-04-09T15:30:00+00:00,636.4999999999999,642.0099999999999,635.7999999999998,640.9399999999999,4251
2026-04-09T16:00:00+00:00,640.9399999999999,644.3199999999999,640.8999999999999,641.8899999999999,3514
2026-04-09T16:30:00+00:00,641.8899999999999,642.3599999999999,638.3899999999999,639.9499999999999,2823
2026-04-09T17:00:00+00:00,639.9499999999999,640.8399999999999,637.9899999999999,638.0099999999999,2713
2026-04-09T17:30:00+00:00,638.0099999999999,639.6699999999998,637.2899999999998,637.8799999999999,2516
2026-04-09T18:00:00+00:00,637.8799999999999,638.0999999999999,634.2799999999999,634.9299999999998,3505
2026-04-09T18:30:00+00:00,634.9299999999998,635.5299999999999,634.1499999999999,634.6799999999998,2467
2026-04-09T19:00:00+00:00,634.6799999999998,636.6299999999999,634.3799999999999,636.0999999999999,2330
2026-04-09T19:30:00+00:00,636.0999999999999,637.1399999999999,634.8299999999999,635.3499999999999,3425
2026-04-10T13:30:00+00:00,635.3499999999999,645.3999999999999,635.3499999999999,638.7499999999999,4882
2026-04-10T14:00:00+00:00,638.7499999999999,643.7599999999999,635.9899999999999,642.1499999999999,3896
2026-04-10T14:30:00+00:00,642.1499999999999,642.7799999999999,638.3499999999999,638.8499999999999,3384.93870789619
2026-04-10T15:00:00+00:00,638.8499999999999,639.5699999999998,637.2599999999999,637.2699999999999,3389
2026-04-10T15:30:00+00:00,637.2699999999999,637.6699999999998,632.3099999999998,632.9099999999999,3734
2026-04-10T16:00:00+00:00,632.9099999999999,635.5299999999999,631.8899999999999,634.6799999999998,3638
2026-04-10T16:30:00+00:00,634.6799999999998,635.4699999999999,632.8499999999999,634.9399999999998,2917
2026-04-10T17:00:00+00:00,634.9399999999998,634.9799999999999,633.3899999999999,633.7599999999999,2369
2026-04-10T17:30:00+00:00,633.7599999999999,634.8699999999999,633.4499999999999,634.1299999999999,2310
2026-04-10T18:00:00+00:00,634.1299999999999,634.1699999999998,631.8899999999999,631.9999999999999,2436
2026-04-10T18:30:00+00:00,631.9999999999999,632.6499999999999,631.2899999999998,632.4899999999999,2114
2026-04-10T19:00:00+00:00,632.4899999999999,635.5699999999998,632.4899999999999,634.4899999999999,2543
2026-04-10T19:30:00+00:00,634.4899999999999,636.9099999999999,634.2399999999999,636.3899999999999,3288
2026-04-13T13:30:00+00:00,636.3899999999999,637.2499999999999,631.0699999999998,636.7199999999999,3746
2026-04-13T14:00:00+00:00,636.7199999999999,640.5899999999999,632.4199999999998,633.5199999999999,3914
2026-04-13T14:30:00+00:00,633.5199999999999,634.7799999999999,632.5399999999998,634.5799999999999,2877
2026-04-13T15:00:00+00:00,634.5799999999999,634.5999999999999,632.0899999999999,632.8499999999999,2753
2026-04-13T15:30:00+00:00,632.8499999999999,635.9699999999999,632.6699999999998,634.2999999999998,2340
2026-04-13T16:00:00+00:00,634.2999999999998,636.3099999999998,632.9899999999999,636.1999999999999,2515
2026-04-13T16:30:00+00:00,636.1999999999999,637.7399999999999,635.2099999999999,636.8599999999999,2912
2026-04-13T17:00:00+00:00,636.8599999999999,637.4099999999999,635.9999999999999,636.8499999999999,2012
2026-04-13T17:30:00+00:00,636.8499999999999,637.4099999999999,636.0499999999998,637.2899999999998,2196
2026-04-13T18:00:00+00:00,637.2899999999998,638.5699999999998,637.0999999999999,638.1899999999998,2222
2026-04-13T18:30:00+00:00,638.1899999999998,640.0199999999999,638.1799999999998,639.5999999999999,1991
2026-04-13T19:00:00+00:00,639.5999999999999,640.0899999999999,638.8099999999998,639.1499999999999,1666
2026-04-13T19:30:00+00:00,639.1499999999999,641.9799999999999,638.7099999999999,641.4699999999999,3206
2026-04-14T13:30:00+00:00,641.4699999999999,659.4399999999998,641.4699999999999,655.9199999999998,5339
2026-04-14T14:00:00+00:00,655.9199999999998,660.9099999999999,655.4499999999999,660.5699999999998,3490
2026-04-14T14:30:00+00:00,660.5699999999998,665.4699999999999,659.9899999999999,664.7899999999998,3695
2026-04-14T15:00:00+00:00,664.7899999999998,668.3399999999999,662.7499999999999,667.1499999999999,3413
2026-04-14T15:30:00+00:00,667.1499999999999,671.7999999999998,666.9999999999999,670.3599999999999,3393
2026-04-14T16:00:00+00:00,670.3599999999999,672.5399999999998,669.1799999999998,671.9399999999998,2661
2026-04-14T16:30:00+00:00,671.9399999999998,672.1899999999998,668.8399999999999,669.0599999999998,2436
2026-04-14T17:00:00+00:00,669.0599999999998,669.7699999999999,668.3499999999999,668.7799999999999,1847
2026-04-14T17:30:00+00:00,668.7799999999999,673.1999999999999,668.7799999999999,672.5899999999999,2209
2026-04-14T18:00:00+00:00,672.5899999999999,672.8499999999999,666.8999999999999,667.0999999999999,2607
2026-04-14T18:30:00+00:00,667.0999999999999,668.3999999999999,666.9899999999999,667.8399999999999,2120
2026-04-14T19:00:00+00:00,667.8399999999999,669.4999999999999,667.6299999999999,668.3099999999998,1854
2026-04-14T19:30:00+00:00,668.3099999999998,669.7199999999999,666.5999999999999,669.2299999999999,3690
2026-04-15T13:30:00+00:00,669.2299999999999,678.4599999999999,669.2299999999999,678.4599999999999,4907
2026-04-15T14:00:00+00:00,678.4599999999999,682.3299999999999,676.9899999999999,681.6699999999998,4255
2026-04-15T14:30:00+00:00,681.6699999999998,683.0899999999999,679.4899999999999,680.8299999999998,3384.787207093097
2026-04-15T15:00:00+00:00,680.8299999999998,681.6299999999998,679.0399999999997,680.6099999999998,3101
2026-04-15T15:30:00+00:00,680.6099999999998,682.9399999999998,679.5099999999998,681.7999999999997,2618
2026-04-15T16:00:00+00:00,681.7999999999997,685.4499999999998,681.3899999999998,683.6199999999998,2893
2026-04-15T16:30:00+00:00,683.6199999999998,683.7799999999997,679.3799999999998,680.6499999999997,3723
2026-04-15T17:00:00+00:00,680.6499999999997,681.5899999999998,679.8899999999998,681.1099999999998,2194
2026-04-15T17:30:00+00:00,681.1099999999998,681.7999999999997,677.8299999999998,678.1599999999997,2169
2026-04-15T18:00:00+00:00,678.1599999999997,680.5999999999998,677.9399999999998,679.5899999999998,2390
2026-04-15T18:30:00+00:00,679.5899999999998,682.1099999999998,679.5499999999997,681.6099999999998,2191
2026-04-15T19:00:00+00:00,681.6099999999998,681.6699999999997,679.0499999999997,679.4999999999998,2239
2026-04-15T19:30:00+00:00,679.4999999999998,681.0199999999998,676.9899999999998,677.8399999999998,3924
2026-04-16T13:30:00+00:00,677.8399999999998,683.5599999999997,675.7299999999998,676.8799999999998,4596
2026-04-16T14:00:00+00:00,676.8799999999998,679.6799999999997,674.5099999999998,677.0099999999998,3400
2026-04-16T14:30:00+00:00,677.0099999999998,680.9999999999998,676.9799999999998,678.8499999999998,2980
2026-04-16T15:00:00+00:00,678.8499999999998,682.1799999999997,677.9999999999998,680.0299999999997,2691
2026-04-16T15:30:00+00:00,680.0299999999997,682.9999999999998,679.9399999999998,682.9099999999997,2369
2026-04-16T16:00:00+00:00,682.9099999999997,684.3899999999998,682.6699999999997,682.7299999999998,2224
2026-04-16T16:30:00+00:00,682.7299999999998,682.9999999999998,680.0899999999998,681.1799999999997,2901
2026-04-16T17:00:00+00:00,681.1799999999997,681.8899999999998,679.9799999999998,681.4099999999997,2546
2026-04-16T17:30:00+00:00,681.4099999999997,683.9099999999997,680.9299999999997,681.4599999999998,1928
2026-04-16T18:00:00+00:00,681.4599999999998,681.9699999999998,678.7599999999998,679.5199999999998,3122
2026-04-16T18:30:00+00:00,679.5199999999998,681.8899999999998,679.3599999999998,681.2599999999998,2141
2026-04-16T19:00:00+00:00,681.2599999999998,681.7199999999998,679.9899999999998,680.2399999999998,1720
2026-04-16T19:30:00+00:00,680.2399999999998,684.3699999999998,679.9899999999998,683.6199999999998,2534
2026-04-17T13:30:00+00:00,683.6199999999998,694.6599999999997,682.0899999999998,691.5899999999998,3535
2026-04-17T14:00:00+00:00,691.5899999999998,694.1999999999998,689.1799999999997,689.3999999999997,2613
2026-04-17T14:30:00+00:00,689.3999999999997,694.6099999999998,689.3999999999997,693.1699999999997,2921.15668202765
2026-04-17T15:00:00+00:00,693.1699999999997,693.1699999999997,688.8699999999998,690.6399999999998,2239
2026-04-17T15:30:00+00:00,690.6399999999998,692.3899999999998,689.7099999999998,690.1199999999998,2003
2026-04-17T16:00:00+00:00,690.1199999999998,692.1899999999998,689.5699999999998,691.2299999999998,1607
2026-04-17T16:30:00+00:00,691.2299999999998,693.4599999999998,691.1599999999997,692.9699999999998,1758
2026-04-17T17:00:00+00:00,692.9699999999998,693.2999999999997,689.0499999999997,690.1699999999997,2093
2026-04-17T17:30:00+00:00,690.1699999999997,692.9499999999998,690.0199999999998,691.2199999999998,1874
2026-04-17T18:00:00+00:00,691.2199999999998,691.8099999999998,688.9999999999998,690.0999999999998,1887
2026-04-17T18:30:00+00:00,690.0999999999998,691.8899999999998,690.0999999999998,690.9799999999998,1760
2026-04-17T19:00:00+00:00,690.9799999999998,691.8799999999998,690.2199999999998,691.2999999999997,1747
2026-04-17T19:30:00+00:00,691.2999999999997,698.3399999999998,691.2999999999997,695.8099999999998,3391
2026-04-20T13:30:00+00:00,695.8099999999998,695.8099999999998,679.0199999999998,684.3999999999997,7247
2026-04-20T14:00:00+00:00,684.3999999999997,685.4699999999998,682.2599999999998,683.0199999999998,5394
2026-04-20T14:30:00+00:00,683.0199999999998,683.5299999999997,676.1899999999998,677.0499999999997,6103
2026-04-20T15:00:00+00:00,677.0499999999997,680.5099999999998,674.9699999999998,680.2499999999998,5592
2026-04-20T15:30:00+00:00,680.2499999999998,681.5399999999997,678.7499999999998,679.8099999999998,4109
2026-04-20T16:00:00+00:00,679.8099999999998,680.8599999999998,678.9699999999998,679.7499999999998,2981
2026-04-20T16:30:00+00:00,679.7499999999998,680.3899999999998,678.1799999999998,678.6799999999998,2530
2026-04-20T17:00:00+00:00,678.6799999999998,680.5299999999997,678.1699999999997,679.5799999999998,2410
2026-04-20T17:30:00+00:00,679.5799999999998,679.8799999999998,677.9799999999998,678.1199999999998,2303
2026-04-20T18:00:00+00:00,678.1199999999998,680.1199999999998,677.7799999999997,679.5199999999998,2384
2026-04-20T18:30:00+00:00,679.5199999999998,679.8999999999997,677.5599999999998,677.6999999999998,2154
2026-04-20T19:00:00+00:00,677.6999999999998,678.2199999999998,676.7699999999998,677.6299999999998,2266
2026-04-20T19:30:00+00:00,677.6299999999998,678.9899999999998,676.4299999999998,678.0699999999998,3795
2026-04-21T13:30:00+00:00,678.0699999999998,681.7599999999998,674.4899999999998,681.2699999999998,3243
2026-04-21T14:00:00+00:00,681.2699999999998,683.0299999999997,679.1799999999998,681.7199999999998,2566
2026-04-21T14:30:00+00:00,681.7199999999998,682.2199999999998,678.5199999999998,678.9599999999998,2790
2026-04-21T15:00:00+00:00,678.9599999999998,680.3399999999998,676.9699999999998,679.2699999999998,2942
2026-04-21T15:30:00+00:00,679.2699999999998,679.9799999999998,677.2699999999998,678.0599999999998,2474
2026-04-21T16:00:00+00:00,678.0599999999998,679.1499999999997,677.0199999999998,677.3899999999998,2011
2026-04-21T16:30:00+00:00,677.3899999999998,679.0499999999997,676.9699999999998,677.0499999999997,1998
2026-04-21T17:00:00+00:00,677.0499999999997,678.4699999999998,675.4699999999998,676.0899999999998,2587
2026-04-21T17:30:00+00:00,676.0899999999998,680.9299999999998,676.0799999999998,679.5699999999998,2264
2026-04-21T18:00:00+00:00,679.5699999999998,680.5099999999998,677.3199999999998,677.7699999999998,1809
2026-04-21T18:30:00+00:00,677.7699999999998,679.7099999999998,677.3699999999998,679.2399999999998,1700
2026-04-21T19:00:00+00:00,679.2399999999998,681.0599999999998,679.0199999999998,680.8799999999998,1861
2026-04-21T19:30:00+00:00,680.8799999999998,681.4899999999998,674.2999999999997,675.7599999999998,3897
2026-04-22T13:30:00+00:00,675.7599999999998,682.2799999999997,675.7599999999998,679.6099999999998,8310
2026-04-22T14:00:00+00:00,679.6099999999998,682.7299999999998,678.6799999999998,682.4299999999998,6576
2026-04-22T14:30:00+00:00,682.4299999999998,683.0199999999998,679.5999999999998,681.2299999999998,5960.348684210527
2026-04-22T15:00:00+00:00,681.2299999999998,683.1199999999998,680.2399999999998,681.8799999999998,4761
2026-04-22T15:30:00+00:00,681.8799999999998,682.8999999999997,680.9899999999998,681.7999999999998,4445
2026-04-22T16:00:00+00:00,681.7999999999998,682.3499999999998,680.7799999999997,680.8199999999998,3909
2026-04-22T16:30:00+00:00,680.8199999999998,682.0099999999998,680.3099999999998,681.5399999999998,3627
2026-04-22T17:00:00+00:00,681.5399999999998,683.0299999999997,681.5299999999997,682.0399999999998,3807
2026-04-22T17:30:00+00:00,682.0399999999998,684.6799999999998,681.8499999999998,683.3799999999998,3323
2026-04-22T18:00:00+00:00,683.3799999999998,684.5699999999998,682.1599999999999,682.6399999999998,3213
2026-04-22T18:30:00+00:00,682.6399999999998,684.0499999999998,682.4799999999998,682.6699999999998,2793
2026-04-22T19:00:00+00:00,682.6699999999998,683.2699999999998,681.7499999999998,682.7599999999998,4223
2026-04-22T19:30:00+00:00,682.7599999999998,685.2699999999998,680.5699999999998,681.8599999999998,5278
2026-04-23T13:30:00+00:00,681.8599999999998,681.8599999999998,666.4499999999998,667.7999999999998,3183
2026-04-23T14:00:00+00:00,667.7999999999998,671.3499999999998,665.2299999999998,670.6899999999998,3062
2026-04-23T14:30:00+00:00,670.6899999999998,672.8099999999998,669.5899999999998,672.2599999999998,2230
2026-04-23T15:00:00+00:00,672.2599999999998,676.3599999999998,672.2599999999998,675.0699999999998,2610
2026-04-23T15:30:00+00:00,675.0699999999998,675.8499999999998,672.3199999999998,672.8199999999998,2197
2026-04-23T16:00:00+00:00,672.8199999999998,673.4599999999998,671.7199999999998,671.8999999999997,1367
2026-04-23T16:30:00+00:00,671.8999999999997,672.8699999999998,671.8399999999998,672.3699999999998,922
2026-04-23T17:00:00+00:00,672.3699999999998,672.8399999999998,664.9299999999998,664.9599999999998,2335
2026-04-23T17:30:00+00:00,664.9599999999998,674.7199999999998,660.0599999999998,664.8899999999998,2614
2026-04-23T18:00:00+00:00,664.8899999999998,666.8999999999997,663.9599999999998,665.0599999999998,2013
2026-04-23T18:30:00+00:00,665.0599999999998,666.6099999999998,663.9599999999998,664.3599999999998,1451
2026-04-23T19:00:00+00:00,664.3599999999998,666.6899999999998,663.9799999999998,666.3599999999998,1336
2026-04-23T19:30:00+00:00,666.3599999999998,667.5399999999998,664.6999999999998,665.8499999999998,2503
2026-04-24T13:30:00+00:00,665.8499999999998,672.2299999999998,660.7699999999998,670.4499999999998,4418
2026-04-24T14:00:00+00:00,670.4499999999998,675.9699999999998,669.7499999999998,671.9499999999998,4062
2026-04-24T14:30:00+00:00,671.9499999999998,674.8299999999998,670.6699999999998,674.2699999999998,3402.9345343413224
2026-04-24T15:00:00+00:00,674.2699999999998,679.6999999999997,673.2899999999997,679.3499999999997,3773
2026-04-24T15:30:00+00:00,679.3499999999997,683.5299999999997,678.8399999999997,682.3599999999997,4619
2026-04-24T16:00:00+00:00,682.3599999999997,683.8799999999998,680.8199999999997,682.1799999999997,2948
2026-04-24T16:30:00+00:00,682.1799999999997,686.6099999999997,682.0399999999997,686.0599999999997,2866
2026-04-24T17:00:00+00:00,686.0599999999997,687.6299999999998,684.1899999999997,684.1999999999997,2976
2026-04-24T17:30:00+00:00,684.1999999999997,685.1999999999997,683.3599999999997,684.0499999999997,2658
2026-04-24T18:00:00+00:00,684.0499999999997,684.2599999999998,681.1299999999998,681.9099999999997,2463
2026-04-24T18:30:00+00:00,681.9099999999997,683.1799999999997,681.1399999999998,683.0399999999997,2196
2026-04-24T19:00:00+00:00,683.0399999999997,685.4099999999997,682.8399999999997,684.3599999999997,2183
2026-04-24T19:30:00+00:00,684.3599999999997,684.3599999999997,681.4499999999997,682.0199999999998,3373
2026-04-27T13:30:00+00:00,682.0199999999998,685.6499999999997,677.2099999999997,679.3499999999997,4055
2026-04-27T14:00:00+00:00,679.3499999999997,683.6199999999997,678.2499999999998,683.2099999999997,2882
2026-04-27T14:30:00+00:00,683.2099999999997,688.5599999999997,682.1699999999997,688.3699999999997,2947
2026-04-27T15:00:00+00:00,688.3699999999997,689.4699999999997,682.3199999999997,683.3899999999998,2886
2026-04-27T15:30:00+00:00,683.3899999999998,683.7799999999997,679.9299999999997,681.5799999999997,2365
2026-04-27T16:00:00+00:00,681.5799999999997,682.6299999999998,681.0499999999997,682.1299999999998,1673
2026-04-27T16:30:00+00:00,682.1299999999998,685.0499999999997,682.1299999999998,684.6599999999997,1766
2026-04-27T17:00:00+00:00,684.6599999999997,687.0599999999997,684.0999999999997,687.0499999999997,1884
2026-04-27T17:30:00+00:00,687.0499999999997,687.5399999999997,685.5399999999997,686.3099999999997,1786
2026-04-27T18:00:00+00:00,686.3099999999997,686.5999999999997,685.3999999999997,685.8999999999997,1537
2026-04-27T18:30:00+00:00,685.8999999999997,686.7699999999998,684.5399999999997,685.4599999999997,1619
2026-04-27T19:00:00+00:00,685.4599999999997,685.6199999999997,683.6199999999997,685.5499999999997,1489
2026-04-27T19:30:00+00:00,685.5499999999997,686.7599999999998,684.0699999999997,686.5499999999997,3026
2026-04-28T13:30:00+00:00,686.5499999999997,686.5499999999997,676.7299999999997,679.2599999999998,5144
2026-04-28T14:00:00+00:00,679.2599999999998,682.1399999999998,678.3799999999998,679.5599999999997,4748
2026-04-28T14:30:00+00:00,679.5599999999997,679.6899999999997,673.6399999999998,675.2799999999997,4984
2026-04-28T15:00:00+00:00,675.2799999999997,676.3899999999998,672.6199999999997,674.3699999999997,3967
2026-04-28T15:30:00+00:00,674.3699999999997,676.8099999999997,673.9299999999997,675.6399999999998,2704
2026-04-28T16:00:00+00:00,675.6399999999998,676.5399999999997,673.1199999999997,676.2499999999998,2535
2026-04-28T16:30:00+00:00,676.2499999999998,677.4999999999998,675.1799999999997,677.0899999999997,2216
2026-04-28T17:00:00+00:00,677.0899999999997,677.5299999999997,676.0399999999997,677.1699999999997,1802
2026-04-28T17:30:00+00:00,677.1699999999997,678.0499999999997,676.6899999999997,677.3399999999997,1642
2026-04-28T18:00:00+00:00,677.3399999999997,678.7399999999997,677.1399999999998,678.5999999999997,1695
2026-04-28T18:30:00+00:00,678.5999999999997,679.8099999999997,678.0399999999997,678.3099999999997,1514
2026-04-28T19:00:00+00:00,678.3099999999997,678.3099999999997,676.5499999999997,677.4899999999997,1722
2026-04-28T19:30:00+00:00,677.4899999999997,678.6499999999997,676.1599999999997,678.6199999999997,2727
2026-04-29T13:30:00+00:00,678.6199999999997,678.6199999999997,670.8399999999997,676.4899999999997,3040
2026-04-29T14:00:00+00:00,676.4899999999997,680.1699999999997,675.5399999999997,678.9099999999997,2853
2026-04-29T14:30:00+00:00,678.9099999999997,680.9099999999997,677.4499999999997,679.0599999999997,2456.91041630072
2026-04-29T15:00:00+00:00,679.0599999999997,679.1999999999997,675.5799999999997,678.7199999999997,2461
2026-04-29T15:30:00+00:00,678.7199999999997,679.1999999999997,674.9299999999997,676.0499999999997,2115
2026-04-29T16:00:00+00:00,676.0499999999997,679.1099999999997,675.6499999999997,676.0599999999997,2124
2026-04-29T16:30:00+00:00,676.0599999999997,676.0599999999997,673.5699999999997,674.4999999999998,2189
2026-04-29T17:00:00+00:00,674.4999999999998,677.9199999999997,674.3499999999997,677.6399999999998,1998
2026-04-29T17:30:00+00:00,677.6399999999998,678.8499999999997,676.1799999999997,678.7499999999998,1913
2026-04-29T18:00:00+00:00,678.7499999999998,679.5799999999997,676.0399999999997,677.5999999999997,2353
2026-04-29T18:30:00+00:00,677.5999999999997,680.6099999999997,677.2799999999997,680.1699999999997,2768
2026-04-29T19:00:00+00:00,680.1699999999997,681.2499999999998,678.4099999999997,680.3399999999997,3041
2026-04-29T19:30:00+00:00,680.3399999999997,680.4999999999998,674.2699999999998,676.8999999999997,3855
2026-04-30T13:30:00+00:00,676.8999999999997,676.8999999999997,608.1899999999997,610.8999999999997,9671
2026-04-30T14:00:00+00:00,610.8999999999997,613.2499999999998,607.0399999999997,609.2499999999998,7504
2026-04-30T14:30:00+00:00,609.2499999999998,615.3299999999997,608.1399999999998,615.1499999999997,6571
2026-04-30T15:00:00+00:00,615.1499999999997,616.6099999999997,611.6399999999998,613.4899999999997,5815
2026-04-30T15:30:00+00:00,613.4899999999997,616.4999999999998,613.0399999999997,615.0399999999997,4732
2026-04-30T16:00:00+00:00,615.0399999999997,618.9799999999997,613.5099999999998,615.7299999999997,4631
2026-04-30T16:30:00+00:00,615.7299999999997,616.9399999999997,612.5699999999997,615.0599999999997,4255
2026-04-30T17:00:00+00:00,615.0599999999997,617.3199999999997,613.2399999999997,614.4799999999997,3588
2026-04-30T17:30:00+00:00,614.4799999999997,620.5999999999997,614.4799999999997,620.2799999999997,4064
2026-04-30T18:00:00+00:00,620.2799999999997,625.3899999999998,619.5899999999997,623.0799999999997,4544
2026-04-30T18:30:00+00:00,623.0799999999997,625.0799999999997,621.4899999999997,623.1499999999997,3770
2026-04-30T19:00:00+00:00,623.1499999999997,624.9699999999997,621.6499999999997,624.0399999999997,3692
2026-04-30T19:30:00+00:00,624.0399999999997,626.8699999999997,617.5499999999997,619.0699999999997,5600
2026-05-01T13:30:00+00:00,619.0699999999997,625.1999999999997,617.1799999999997,620.2399999999997,4559
2026-05-01T14:00:00+00:00,620.2399999999997,621.1999999999997,618.0399999999997,618.2599999999998,3458
2026-05-01T14:30:00+00:00,618.2599999999998,619.3399999999997,613.0999999999997,618.4899999999997,4135.156265769554
2026-05-01T15:00:00+00:00,618.4899999999997,621.9799999999997,617.5599999999997,621.3699999999997,3302
2026-05-01T15:30:00+00:00,621.3699999999997,621.8599999999997,617.0299999999997,618.9499999999997,3038
2026-05-01T16:00:00+00:00,618.9499999999997,619.6899999999997,617.0599999999997,619.1399999999998,2604
2026-05-01T16:30:00+00:00,619.1399999999998,620.7399999999997,617.8399999999997,619.4599999999997,2248
2026-05-01T17:00:00+00:00,619.4599999999997,622.6699999999997,618.5499999999997,622.6099999999997,2342
2026-05-01T17:30:00+00:00,622.6099999999997,622.9599999999997,618.8699999999997,619.0699999999997,2602
2026-05-01T18:00:00+00:00,619.0699999999997,619.1799999999997,617.4499999999997,618.7399999999997,2476
2026-05-01T18:30:00+00:00,618.7399999999997,620.5199999999998,617.7899999999997,618.1299999999997,2729
2026-05-01T19:00:00+00:00,618.1299999999997,618.7399999999997,616.5199999999998,618.1999999999997,2685
2026-05-01T19:30:00+00:00,618.1999999999997,619.6899999999997,615.2099999999997,615.9899999999997,3074
2026-05-04T13:30:00+00:00,615.9899999999997,615.9899999999997,611.0899999999997,611.1199999999997,4169
2026-05-04T14:00:00+00:00,611.1199999999997,614.5099999999998,609.7999999999997,612.6599999999997,3262
2026-05-04T14:30:00+00:00,612.6599999999997,620.3299999999997,612.3999999999997,619.4099999999997,3556
2026-05-04T15:00:00+00:00,619.4099999999997,620.7499999999997,614.0099999999998,615.1299999999997,3528
2026-05-04T15:30:00+00:00,615.1299999999997,617.6899999999997,613.4399999999997,615.2399999999997,2864
2026-05-04T16:00:00+00:00,615.2399999999997,619.0599999999997,614.0699999999997,618.1499999999997,2757
2026-05-04T16:30:00+00:00,618.1499999999997,619.3599999999997,616.5999999999997,617.5599999999997,2290
2026-05-04T17:00:00+00:00,617.5599999999997,619.7899999999997,617.1599999999997,618.8699999999997,2113
2026-05-04T17:30:00+00:00,618.8699999999997,620.9099999999997,618.2499999999997,620.2099999999997,2172
2026-05-04T18:00:00+00:00,620.2099999999997,620.9099999999997,618.0699999999997,619.1199999999997,1758
2026-05-04T18:30:00+00:00,619.1199999999997,619.7999999999997,617.5599999999997,618.6899999999997,1609
2026-05-04T19:00:00+00:00,618.6899999999997,619.3499999999997,617.2299999999997,619.2599999999998,1776
2026-05-04T19:30:00+00:00,619.2599999999998,620.1899999999997,617.0599999999997,617.5899999999997,2712
2026-05-05T13:30:00+00:00,617.5899999999997,621.0599999999997,612.8999999999997,613.8899999999998,4098
2026-05-05T14:00:00+00:00,613.8899999999998,614.8399999999997,610.5599999999997,611.4499999999997,3717
2026-05-05T14:30:00+00:00,611.4499999999997,613.0399999999997,609.0499999999997,609.8499999999997,3158
2026-05-05T15:00:00+00:00,609.8499999999997,611.5499999999997,608.4899999999997,611.5199999999998,2871
2026-05-05T15:30:00+00:00,611.5199999999998,612.1299999999997,609.1099999999997,609.1999999999997,2212
2026-05-05T16:00:00+00:00,609.1999999999997,609.6899999999997,607.3999999999997,608.3999999999997,2442
2026-05-05T16:30:00+00:00,608.3999999999997,608.9899999999997,607.8199999999997,608.6699999999997,1832
2026-05-05T17:00:00+00:00,608.6699999999997,609.3799999999997,608.1999999999997,609.1199999999997,1648
2026-05-05T17:30:00+00:00,609.1199999999997,611.4699999999997,609.1199999999997,610.4699999999997,1686
2026-05-05T18:00:00+00:00,610.4699999999997,612.0999999999997,609.7399999999997,609.7599999999998,1533
2026-05-05T18:30:00+00:00,609.7599999999998,610.1399999999998,607.7699999999998,608.0599999999997,1749
2026-05-05T19:00:00+00:00,608.0599999999997,612.8999999999997,607.5799999999997,612.7399999999997,2197
2026-05-05T19:30:00+00:00,612.7399999999997,613.7599999999998,610.7999999999997,612.1199999999997,2726
2026-05-06T13:30:00+00:00,612.1199999999997,612.1199999999997,605.1499999999997,610.5999999999997,4631
2026-05-06T14:00:00+00:00,610.5999999999997,625.5299999999997,610.5999999999997,621.3599999999997,5289
2026-05-06T14:30:00+00:00,621.3599999999997,626.9099999999997,620.1999999999997,624.0899999999998,3871.9657829839703
2026-05-06T15:00:00+00:00,624.0899999999998,625.2699999999998,619.2099999999998,619.7299999999998,3049
2026-05-06T15:30:00+00:00,619.7299999999998,621.9199999999997,619.5999999999998,620.1499999999997,2196
2026-05-06T16:00:00+00:00,620.1499999999997,620.4199999999997,618.8999999999997,619.6599999999997,1758
2026-05-06T16:30:00+00:00,619.6599999999997,619.8699999999998,617.6899999999998,619.1299999999998,1794
2026-05-06T17:00:00+00:00,619.1299999999998,621.0399999999997,618.7799999999997,620.3899999999998,1592
2026-05-06T17:30:00+00:00,620.3899999999998,620.4499999999998,618.5899999999998,619.9499999999998,1508
2026-05-06T18:00:00+00:00,619.9499999999998,621.3199999999998,619.1199999999998,621.2899999999997,1232
2026-05-06T18:30:00+00:00,621.2899999999997,622.4199999999997,620.9699999999998,621.8499999999998,1659
2026-05-06T19:00:00+00:00,621.8499999999998,622.3899999999998,619.1699999999997,619.6199999999998,1526
2026-05-06T19:30:00+00:00,619.6199999999998,620.6599999999997,618.7599999999998,619.3599999999998,2896
2026-05-07T13:30:00+00:00,619.3599999999998,630.0999999999998,619.3599999999998,629.3399999999998,2728
2026-05-07T14:00:00+00:00,629.3399999999998,631.7799999999997,627.3499999999998,627.9399999999998,2188
2026-05-07T14:30:00+00:00,627.9399999999998,631.9999999999998,626.6999999999998,629.9599999999998,2003
2026-05-07T15:00:00+00:00,629.9599999999998,631.2599999999998,628.3299999999998,628.3699999999998,1776
2026-05-07T15:30:00+00:00,628.3699999999998,630.4199999999997,627.4799999999998,628.8199999999998,1595
2026-05-07T16:00:00+00:00,628.8199999999998,629.2699999999998,623.4099999999997,626.8099999999998,1883
2026-05-07T16:30:00+00:00,626.8099999999998,626.8699999999998,623.1299999999998,623.8199999999998,1386
2026-05-07T17:00:00+00:00,623.8199999999998,625.0799999999998,620.7099999999998,621.6699999999997,1472
2026-05-07T17:30:00+00:00,621.6699999999997,623.2599999999998,620.5999999999998,622.9199999999997,1087
2026-05-07T18:00:00+00:00,622.9199999999997,624.1699999999997,621.4999999999998,623.6999999999998,1032
2026-05-07T18:30:00+00:00,623.6999999999998,624.3299999999998,622.5399999999997,624.1399999999998,1156
2026-05-07T19:00:00+00:00,624.1399999999998,624.2099999999998,622.0999999999998,622.8099999999998,1420
2026-05-07T19:30:00+00:00,622.8099999999998,624.9899999999998,622.1199999999998,624.1699999999997,2063
2026-05-08T13:30:00+00:00,624.1699999999997,624.1699999999997,619.5999999999998,621.0499999999997,2162
2026-05-08T14:00:00+00:00,621.0499999999997,623.5999999999998,619.3999999999997,619.8599999999998,2299
2026-05-08T14:30:00+00:00,619.8599999999998,620.5499999999997,618.1099999999998,618.4299999999997,1720.6730274442539
2026-05-08T15:00:00+00:00,618.4299999999997,618.4299999999997,615.0099999999998,615.5399999999997,2300
2026-05-08T15:30:00+00:00,615.5399999999997,615.9399999999997,612.9799999999997,614.0099999999998,2403
2026-05-08T16:00:00+00:00,614.0099999999998,617.1499999999997,613.9699999999997,615.0399999999997,1756
2026-05-08T16:30:00+00:00,615.0399999999997,616.1299999999998,614.4199999999997,615.6199999999997,1354
2026-05-08T17:00:00+00:00,615.6199999999997,616.9999999999997,615.4199999999997,616.6699999999997,1476
2026-05-08T17:30:00+00:00,616.6699999999997,617.6599999999997,615.6099999999997,617.3199999999997,1360
2026-05-08T18:00:00+00:00,617.3199999999997,618.3399999999997,616.9199999999997,618.1199999999997,1145
2026-05-08T18:30:00+00:00,618.1199999999997,618.2799999999997,615.6199999999997,616.1699999999997,1272
2026-05-08T19:00:00+00:00,616.1699999999997,617.2999999999997,615.9199999999997,616.9399999999997,1090
2026-05-08T19:30:00+00:00,616.9399999999997,617.7799999999997,615.7899999999997,616.4399999999997,2108
2026-05-11T13:30:00+00:00,616.4399999999997,616.4399999999997,606.7299999999997,607.7699999999998,3394
2026-05-11T14:00:00+00:00,607.7699999999998,610.4399999999997,607.5999999999997,609.1899999999997,2296
2026-05-11T14:30:00+00:00,609.1899999999997,609.9899999999997,607.0199999999998,608.2999999999997,2223
2026-05-11T15:00:00+00:00,608.2999999999997,609.5899999999997,607.0299999999997,609.3199999999997,2085
2026-05-11T15:30:00+00:00,609.3199999999997,611.4699999999997,608.9199999999997,610.1199999999997,2158
2026-05-11T16:00:00+00:00,610.1199999999997,610.6599999999997,608.6999999999997,609.4699999999997,2000
2026-05-11T16:30:00+00:00,609.4699999999997,611.2599999999998,609.0199999999998,609.2699999999998,1999
2026-05-11T17:00:00+00:00,609.2699999999998,609.3499999999997,606.7999999999997,608.1399999999998,2015
2026-05-11T17:30:00+00:00,608.1399999999998,610.0399999999997,608.1299999999998,609.6299999999998,1511
2026-05-11T18:00:00+00:00,609.6299999999998,610.2599999999998,607.0199999999998,607.4799999999997,1757
2026-05-11T18:30:00+00:00,607.4799999999997,607.4799999999997,605.5699999999997,606.1999999999997,2138
2026-05-11T19:00:00+00:00,606.1999999999997,606.6199999999997,605.5499999999997,606.1499999999997,1855
2026-05-11T19:30:00+00:00,606.1499999999997,606.7599999999998,604.9899999999997,605.6899999999997,2801
2026-05-12T13:30:00+00:00,605.6899999999997,607.4999999999997,599.5199999999998,606.9699999999997,3085
2026-05-12T14:00:00+00:00,606.9699999999997,610.5199999999998,604.5799999999997,608.7499999999997,2400
2026-05-12T14:30:00+00:00,608.7499999999997,610.3599999999997,606.9199999999997,607.5899999999997,1963
2026-05-12T15:00:00+00:00,607.5899999999997,608.6899999999997,606.9299999999997,608.5899999999997,1718
2026-05-12T15:30:00+00:00,608.5899999999997,608.6199999999997,606.4299999999997,607.3299999999997,1281
2026-05-12T16:00:00+00:00,607.3299999999997,607.7899999999997,606.1699999999997,606.8199999999997,1385
2026-05-12T16:30:00+00:00,606.8199999999997,608.3799999999998,606.2199999999997,606.7499999999997,1284
2026-05-12T17:00:00+00:00,606.7499999999997,607.0299999999997,603.5199999999998,605.6599999999997,1717
2026-05-12T17:30:00+00:00,605.6599999999997,607.4199999999997,605.2299999999997,607.2699999999998,1093
2026-05-12T18:00:00+00:00,607.2699999999998,607.6499999999997,605.9199999999997,607.1799999999997,1183
2026-05-12T18:30:00+00:00,607.1799999999997,607.2999999999997,605.9199999999997,606.5499999999997,1252
2026-05-12T19:00:00+00:00,606.5499999999997,609.3099999999997,605.8199999999997,609.1099999999997,1396
2026-05-12T19:30:00+00:00,609.1099999999997,610.3399999999997,608.0599999999997,610.0399999999997,2122
2026-05-13T13:30:00+00:00,610.0399999999997,612.8499999999997,603.5999999999997,612.3399999999997,3115
2026-05-13T14:00:00+00:00,612.3399999999997,616.2399999999997,611.5099999999998,612.9799999999997,2577
2026-05-13T14:30:00+00:00,612.9799999999997,613.1599999999997,609.8499999999997,611.3199999999997,1813.5991561181436
2026-05-13T15:00:00+00:00,611.3199999999997,613.6699999999997,610.4199999999997,612.9799999999997,1463
2026-05-13T15:30:00+00:00,612.9799999999997,615.8899999999996,612.2799999999997,615.1699999999997,1713
2026-05-13T16:00:00+00:00,615.1699999999997,619.3999999999997,614.7099999999997,619.2499999999997,2158
2026-05-13T16:30:00+00:00,619.2499999999997,622.3399999999997,618.2499999999997,622.3199999999997,2297
2026-05-13T17:00:00+00:00,622.3199999999997,623.3899999999996,621.1199999999997,622.1599999999997,2125
2026-05-13T17:30:00+00:00,622.1599999999997,623.4999999999997,621.3499999999997,621.8799999999997,1475
2026-05-13T18:00:00+00:00,621.8799999999997,625.2599999999996,621.5599999999997,624.5299999999997,1832
2026-05-13T18:30:00+00:00,624.5299999999997,626.6299999999997,623.8099999999997,623.8299999999997,1977
2026-05-13T19:00:00+00:00,623.8299999999997,625.0299999999997,622.9699999999997,623.4099999999997,1736
2026-05-13T19:30:00+00:00,623.4099999999997,624.1299999999997,622.0699999999997,623.5699999999997,2412
2026-05-14T13:30:00+00:00,623.5699999999997,626.1899999999997,620.8299999999997,624.2699999999998,2520
2026-05-14T14:00:00+00:00,624.2699999999998,629.8699999999997,624.2599999999996,628.4799999999997,2622
2026-05-14T14:30:00+00:00,628.4799999999997,628.9399999999997,624.6599999999997,626.9999999999997,1979
2026-05-14T15:00:00+00:00,626.9999999999997,629.5499999999997,626.9999999999997,628.5699999999997,2032
2026-05-14T15:30:00+00:00,628.5699999999997,629.6799999999997,627.4999999999997,628.1999999999997,1440
2026-05-14T16:00:00+00:00,628.1999999999997,630.4399999999997,627.4299999999997,627.6899999999997,1750
2026-05-14T16:30:00+00:00,627.6899999999997,627.9299999999997,625.4299999999997,626.1699999999997,1401
2026-05-14T17:00:00+00:00,626.1699999999997,626.5599999999997,624.8099999999997,625.8899999999996,2103
2026-05-14T17:30:00+00:00,625.8899999999996,626.6699999999997,625.1099999999997,625.5999999999997,1679
2026-05-14T18:00:00+00:00,625.5999999999997,625.5999999999997,622.4999999999997,622.6999999999997,1363
2026-05-14T18:30:00+00:00,622.6999999999997,623.9299999999997,622.1499999999997,623.3399999999997,1801
2026-05-14T19:00:00+00:00,623.3399999999997,624.6599999999997,623.2699999999998,623.8999999999997,2079
2026-05-14T19:30:00+00:00,623.8999999999997,625.4999999999997,623.8899999999996,625.4399999999997,2407
2026-05-15T13:30:00+00:00,625.4399999999997,625.4399999999997,616.0399999999997,617.0199999999998,2563
2026-05-15T14:00:00+00:00,617.0199999999998,620.6599999999997,616.5699999999997,619.2499999999997,2059
2026-05-15T14:30:00+00:00,619.2499999999997,621.8499999999997,619.0799999999997,621.5799999999997,2019.3571850975754
2026-05-15T15:00:00+00:00,621.5799999999997,622.7399999999997,619.8799999999997,621.6199999999997,1975
2026-05-15T15:30:00+00:00,621.6199999999997,622.7599999999996,618.4999999999997,619.9599999999997,1702
2026-05-15T16:00:00+00:00,619.9599999999997,622.4399999999997,619.8199999999997,622.1199999999997,1421
2026-05-15T16:30:00+00:00,622.1199999999997,623.7599999999996,621.2199999999997,622.6299999999997,1494
2026-05-15T17:00:00+00:00,622.6299999999997,625.1299999999997,621.8399999999997,624.8399999999997,1650
2026-05-15T17:30:00+00:00,624.8399999999997,627.1799999999997,624.3899999999996,626.7099999999997,1743
2026-05-15T18:00:00+00:00,626.7099999999997,627.9099999999997,625.5299999999997,625.7999999999997,2469
2026-05-15T18:30:00+00:00,625.7999999999997,625.9099999999997,623.1499999999996,623.6499999999996,1671
2026-05-15T19:00:00+00:00,623.6499999999996,623.9299999999997,622.3499999999997,623.0399999999997,1566
2026-05-15T19:30:00+00:00,623.0399999999997,623.2899999999997,619.8199999999997,621.2699999999996,2517
2026-05-18T13:30:00+00:00,621.2699999999996,621.2699999999996,610.4499999999997,618.5299999999997,4248
2026-05-18T14:00:00+00:00,618.5299999999997,618.7899999999997,615.8199999999997,618.1399999999996,3171
2026-05-18T14:30:00+00:00,618.1399999999996,618.5599999999997,612.3399999999997,615.9299999999997,3160
2026-05-18T15:00:00+00:00,615.9299999999997,616.2599999999996,612.6799999999997,614.2899999999997,2568
2026-05-18T15:30:00+00:00,614.2899999999997,616.7399999999997,613.7299999999997,614.1999999999997,1956
2026-05-18T16:00:00+00:00,614.1999999999997,617.3099999999997,613.4199999999997,614.6899999999997,1916
2026-05-18T16:30:00+00:00,614.6899999999997,617.5699999999997,614.2099999999997,616.3699999999997,1924
2026-05-18T17:00:00+00:00,616.3699999999997,620.2799999999997,615.8199999999997,619.8199999999997,1847
2026-05-18T17:30:00+00:00,619.8199999999997,622.2899999999997,619.0899999999997,621.2899999999997,1997
2026-05-18T18:00:00+00:00,621.2899999999997,621.4299999999997,616.5299999999997,616.9099999999997,2129
2026-05-18T18:30:00+00:00,616.9099999999997,617.8799999999997,614.2099999999997,614.2199999999997,1720
2026-05-18T19:00:00+00:00,614.2199999999997,619.3499999999997,614.2099999999997,618.3599999999997,2337
2026-05-18T19:30:00+00:00,618.3599999999997,619.1099999999997,616.8199999999997,618.0599999999997,2694
2026-05-19T13:30:00+00:00,618.0599999999997,620.4399999999997,611.9299999999997,618.8899999999996,3666
2026-05-19T14:00:00+00:00,618.8899999999996,620.0699999999997,614.3199999999997,615.5999999999997,3183
2026-05-19T14:30:00+00:00,615.5999999999997,615.7799999999997,611.5699999999997,613.5199999999996,2199
2026-05-19T15:00:00+00:00,613.5199999999996,614.2799999999997,610.8699999999997,610.9199999999997,1625
2026-05-19T15:30:00+00:00,610.9199999999997,611.8399999999997,608.8199999999997,609.5599999999997,1624
2026-05-19T16:00:00+00:00,609.5599999999997,610.9299999999997,608.6199999999997,609.0099999999996,1735
2026-05-19T16:30:00+00:00,609.0099999999996,611.2299999999997,607.3799999999997,610.5799999999997,1644
2026-05-19T17:00:00+00:00,610.5799999999997,611.1799999999997,609.5999999999997,610.5699999999997,1167
2026-05-19T17:30:00+00:00,610.5699999999997,611.1699999999997,608.7699999999996,609.3899999999996,1375
2026-05-19T18:00:00+00:00,609.3899999999996,609.5299999999997,608.4299999999997,609.1799999999997,1172
2026-05-19T18:30:00+00:00,609.1799999999997,609.9099999999997,607.5199999999996,607.8799999999997,1246
2026-05-19T19:00:00+00:00,607.8799999999997,609.6899999999997,607.4299999999997,609.1799999999997,1460
2026-05-19T19:30:00+00:00,609.1799999999997,610.1399999999996,608.2099999999997,609.6399999999996,2371
2026-05-20T13:30:00+00:00,609.6399999999996,609.6399999999996,605.8199999999997,606.8399999999997,2376
2026-05-20T14:00:00+00:00,606.8399999999997,609.8399999999997,604.6199999999997,608.3499999999997,2552
2026-05-20T14:30:00+00:00,608.3499999999997,612.0399999999997,607.2199999999997,611.5699999999997,1802.6951219512196
2026-05-20T15:00:00+00:00,611.5699999999997,614.6599999999997,610.3399999999997,612.1299999999997,2086
2026-05-20T15:30:00+00:00,612.1299999999997,613.4599999999997,611.8199999999997,613.0299999999997,1300
2026-05-20T16:00:00+00:00,613.0299999999997,613.1799999999997,610.7999999999997,610.8399999999997,1131
2026-05-20T16:30:00+00:00,610.8399999999997,611.9299999999997,610.1499999999996,611.3899999999996,1187
2026-05-20T17:00:00+00:00,611.3899999999996,612.0499999999997,610.6099999999997,611.8999999999996,1117
2026-05-20T17:30:00+00:00,611.8999999999996,612.4099999999997,611.1099999999997,611.6199999999997,1112
2026-05-20T18:00:00+00:00,611.6199999999997,612.0699999999997,611.0199999999996,611.9199999999997,1152
2026-05-20T18:30:00+00:00,611.9199999999997,613.8099999999997,611.8099999999997,612.2899999999997,1287
2026-05-20T19:00:00+00:00,612.2899999999997,612.5099999999996,609.4399999999997,610.2699999999996,1358
2026-05-20T19:30:00+00:00,610.2699999999996,612.0999999999997,609.8599999999997,611.7499999999997,1664
2026-05-21T13:30:00+00:00,611.7499999999997,611.7499999999997,602.0399999999997,602.0399999999997,3025
2026-05-21T14:00:00+00:00,602.0399999999997,605.2899999999997,601.6699999999997,603.6399999999996,2507
2026-05-21T14:30:00+00:00,603.6399999999996,606.9599999999997,603.0699999999997,606.2799999999997,1702
2026-05-21T15:00:00+00:00,606.2799999999997,608.9499999999997,606.0299999999997,608.6099999999997,1955
2026-05-21T15:30:00+00:00,608.6099999999997,610.8199999999997,607.8399999999997,610.2299999999997,1441
2026-05-21T16:00:00+00:00,610.2299999999997,610.8499999999997,607.8199999999997,607.8599999999997,1351
2026-05-21T16:30:00+00:00,607.8599999999997,608.7199999999997,607.0999999999997,608.5299999999997,996
2026-05-21T17:00:00+00:00,608.5299999999997,614.5699999999997,608.5299999999997,613.6899999999997,1752
2026-05-21T17:30:00+00:00,613.6899999999997,616.3099999999997,612.8199999999997,615.7099999999997,1726
2026-05-21T18:00:00+00:00,615.7099999999997,616.1899999999997,614.6199999999997,614.7299999999997,1627
2026-05-21T18:30:00+00:00,614.7299999999997,615.2199999999997,611.6399999999996,612.2999999999997,1672
2026-05-21T19:00:00+00:00,612.2999999999997,614.2999999999997,612.0699999999997,613.5899999999997,1592
2026-05-21T19:30:00+00:00,613.5899999999997,614.5299999999997,612.3199999999997,614.1599999999997,2137
2026-05-22T13:30:00+00:00,614.1599999999997,621.4099999999997,613.8299999999997,616.5399999999997,2554
2026-05-22T14:00:00+00:00,616.5399999999997,616.7199999999997,613.6799999999997,615.1199999999997,1680
2026-05-22T14:30:00+00:00,615.1199999999997,617.1899999999997,614.6599999999997,617.0099999999996,1188.703196347032
2026-05-22T15:00:00+00:00,617.0099999999996,618.4499999999997,616.3399999999997,617.0399999999996,1266
2026-05-22T15:30:00+00:00,617.0399999999996,617.1999999999997,615.8499999999997,616.2499999999997,955
2026-05-22T16:00:00+00:00,616.2499999999997,616.2599999999996,614.4999999999997,615.4699999999997,953
2026-05-22T16:30:00+00:00,615.4699999999997,615.9799999999997,614.1399999999996,614.6499999999996,1241
2026-05-22T17:00:00+00:00,614.6499999999996,616.8399999999997,614.6399999999996,616.7499999999997,1232
2026-05-22T17:30:00+00:00,616.7499999999997,617.9599999999997,615.4399999999997,615.4399999999997,1254
2026-05-22T18:00:00+00:00,615.4399999999997,618.0199999999996,615.4399999999997,617.4499999999997,1044
2026-05-22T18:30:00+00:00,617.4499999999997,618.7699999999996,616.8399999999997,616.8599999999997,1316
2026-05-22T19:00:00+00:00,616.8599999999997,617.2499999999997,615.5199999999996,615.5599999999997,1183
2026-05-22T19:30:00+00:00,615.5599999999997,617.7699999999996,615.3399999999997,617.2599999999996,1939
2026-05-26T13:30:00+00:00,617.2599999999996,621.0599999999997,612.3899999999996,615.8399999999997,2490
2026-05-26T14:00:00+00:00,615.8399999999997,617.9899999999997,615.3399999999997,615.5399999999996,1596
2026-05-26T14:30:00+00:00,615.5399999999996,615.5499999999997,613.2999999999997,613.3599999999997,1674
2026-05-26T15:00:00+00:00,613.3599999999997,614.2199999999997,612.4299999999997,613.9099999999996,1605
2026-05-26T15:30:00+00:00,613.9099999999996,616.3899999999996,612.2099999999997,614.0599999999997,1486
2026-05-26T16:00:00+00:00,614.0599999999997,616.7899999999996,614.0499999999997,616.7499999999997,1264
2026-05-26T16:30:00+00:00,616.7499999999997,617.7999999999997,616.0799999999997,616.7399999999997,1223
2026-05-26T17:00:00+00:00,616.7399999999997,617.1399999999996,615.5699999999997,615.8599999999997,1124
2026-05-26T17:30:00+00:00,615.8599999999997,616.7199999999997,615.0299999999996,615.7299999999997,1035
2026-05-26T18:00:00+00:00,615.7299999999997,617.4299999999997,615.5399999999996,616.8599999999997,999
2026-05-26T18:30:00+00:00,616.8599999999997,617.6899999999997,615.6499999999996,616.0099999999996,1162
2026-05-26T19:00:00+00:00,616.0099999999996,616.8099999999997,615.5799999999997,615.8799999999997,1221
2026-05-26T19:30:00+00:00,615.8799999999997,619.3399999999997,615.7299999999997,619.3399999999997,1978
2026-05-27T13:30:00+00:00,619.3399999999997,620.3599999999997,614.8899999999996,617.8099999999997,3045
2026-05-27T14:00:00+00:00,617.8099999999997,622.8999999999996,616.9099999999996,621.5999999999997,2266
2026-05-27T14:30:00+00:00,621.5999999999997,623.3999999999996,618.8399999999997,619.2999999999997,1801.0835661080075
2026-05-27T15:00:00+00:00,619.2999999999997,621.7799999999997,619.0199999999998,620.3299999999997,1606
2026-05-27T15:30:00+00:00,620.3299999999997,621.4899999999997,618.4399999999997,618.5899999999997,1549
2026-05-27T16:00:00+00:00,618.5899999999997,619.8999999999997,617.7899999999997,619.1199999999997,1176
2026-05-27T16:30:00+00:00,619.1199999999997,621.0299999999997,618.5299999999997,618.8199999999997,1345
2026-05-27T17:00:00+00:00,618.8199999999997,618.8399999999997,616.1399999999998,616.6599999999997,1334
2026-05-27T17:30:00+00:00,616.6599999999997,618.1199999999997,616.2499999999997,617.3799999999997,977
2026-05-27T18:00:00+00:00,617.3799999999997,636.4899999999997,617.1599999999997,635.2399999999997,4660
2026-05-27T18:30:00+00:00,635.2399999999997,639.8499999999997,634.2599999999996,638.4799999999997,3586
2026-05-27T19:00:00+00:00,638.4799999999997,645.1899999999997,637.7799999999997,639.2699999999998,3204
2026-05-27T19:30:00+00:00,639.2699999999998,644.0999999999997,639.0499999999997,641.8899999999998,3630
2026-05-28T13:30:00+00:00,641.8899999999998,649.7599999999996,636.1899999999997,646.4499999999997,4152
2026-05-28T14:00:00+00:00,646.4499999999997,648.7299999999997,639.9499999999997,645.8699999999997,3118
2026-05-28T14:30:00+00:00,645.8699999999997,646.5699999999997,641.0499999999997,641.4399999999997,1872
2026-05-28T15:00:00+00:00,641.4399999999997,641.9399999999997,639.6299999999997,640.3799999999997,1469
2026-05-28T15:30:00+00:00,640.3799999999997,640.7399999999997,638.1199999999997,639.3899999999998,1384
2026-05-28T16:00:00+00:00,639.3899999999998,641.8299999999997,637.7299999999997,641.4499999999997,1536
2026-05-28T16:30:00+00:00,641.4499999999997,641.5499999999997,636.6299999999997,636.7199999999997,1277
2026-05-28T17:00:00+00:00,636.7199999999997,638.6099999999997,636.6999999999997,638.1199999999997,1185
2026-05-28T17:30:00+00:00,638.1199999999997,639.5099999999996,637.6299999999997,637.8199999999997,1295
2026-05-28T18:00:00+00:00,637.8199999999997,640.2899999999997,637.6299999999997,639.5999999999997,1326
2026-05-28T18:30:00+00:00,639.5999999999997,640.9799999999997,638.6199999999997,638.9499999999997,1518
2026-05-28T19:00:00+00:00,638.9499999999997,640.8599999999997,638.3299999999997,640.6199999999997,1293
2026-05-28T19:30:00+00:00,640.6199999999997,642.6099999999997,640.0499999999997,642.0799999999997,2049
2026-05-29T13:30:00+00:00,642.0799999999997,642.0799999999997,633.5299999999997,634.6699999999997,3050
2026-05-29T14:00:00+00:00,634.6699999999997,635.8399999999997,630.8399999999997,631.6699999999997,2252
2026-05-29T14:30:00+00:00,631.6699999999997,633.0399999999997,630.2599999999996,632.2399999999997,2135.0434176458875
2026-05-29T15:00:00+00:00,632.2399999999997,636.4099999999996,631.8599999999997,635.2899999999996,1879
2026-05-29T15:30:00+00:00,635.2899999999996,636.0499999999996,633.8499999999997,634.6599999999996,1373
2026-05-29T16:00:00+00:00,634.6599999999996,635.7999999999996,632.4799999999997,632.7199999999997,1445
2026-05-29T16:30:00+00:00,632.7199999999997,633.8099999999996,630.9899999999997,631.7099999999997,1726
2026-05-29T17:00:00+00:00,631.7099999999997,632.8999999999996,630.7899999999996,630.9099999999996,1423
2026-05-29T17:30:00+00:00,630.9099999999996,634.1599999999996,630.9099999999996,632.7299999999997,1538
2026-05-29T18:00:00+00:00,632.7299999999997,634.7399999999997,632.4399999999997,634.2699999999996,1268
2026-05-29T18:30:00+00:00,634.2699999999996,635.0999999999997,632.1899999999997,633.0399999999996,1237
2026-05-29T19:00:00+00:00,633.0399999999996,636.8899999999996,632.4899999999997,636.3299999999997,1859
2026-05-29T19:30:00+00:00,636.3299999999997,641.1899999999997,635.9299999999996,639.4799999999997,3022
2026-06-01T13:30:00+00:00,639.4799999999997,642.4399999999997,621.5299999999996,622.8699999999997,4535
2026-06-01T14:00:00+00:00,622.8699999999997,625.0099999999996,616.8399999999997,616.8399999999997,3479
2026-06-01T14:30:00+00:00,616.8399999999997,622.9299999999996,616.0099999999996,621.9899999999997,3444
2026-06-01T15:00:00+00:00,621.9899999999997,622.0499999999996,618.0999999999997,620.1299999999997,2187
2026-06-01T15:30:00+00:00,620.1299999999997,623.4699999999997,619.2599999999996,622.8399999999997,2101
2026-06-01T16:00:00+00:00,622.8399999999997,623.6899999999997,617.2899999999996,618.6799999999996,2079
2026-06-01T16:30:00+00:00,618.6799999999996,619.2999999999996,617.2699999999996,618.3099999999996,1878
2026-06-01T17:00:00+00:00,618.3099999999996,618.8999999999996,614.6899999999997,617.2199999999997,2132
2026-06-01T17:30:00+00:00,617.2199999999997,618.2699999999996,613.2499999999997,614.5299999999996,3205
2026-06-01T18:00:00+00:00,614.5299999999996,616.2899999999996,614.0899999999997,614.4899999999997,2321
2026-06-01T18:30:00+00:00,614.4899999999997,614.8199999999997,612.1299999999997,612.3799999999997,2547
2026-06-01T19:00:00+00:00,612.3799999999997,615.3199999999997,611.8299999999997,612.4299999999996,2382
2026-06-01T19:30:00+00:00,612.4299999999996,612.8699999999997,606.5699999999997,607.5999999999997,3827
2026-06-02T13:30:00+00:00,607.5999999999997,612.6299999999997,603.6599999999996,611.8199999999997,3613
2026-06-02T14:00:00+00:00,611.8199999999997,612.5199999999996,607.2299999999997,610.1399999999996,2438
2026-06-02T14:30:00+00:00,610.1399999999996,614.1499999999996,609.7199999999997,613.1899999999997,2063
2026-06-02T15:00:00+00:00,613.1899999999997,615.7799999999996,612.7799999999996,613.9899999999997,1777
2026-06-02T15:30:00+00:00,613.9899999999997,615.2999999999996,613.2999999999996,614.0099999999996,1307
2026-06-02T16:00:00+00:00,614.0099999999996,614.7299999999997,612.3799999999997,614.3499999999997,1240
2026-06-02T16:30:00+00:00,614.3499999999997,615.2099999999997,613.8099999999996,613.8599999999997,1068
2026-06-02T17:00:00+00:00,613.8599999999997,614.8399999999997,612.2699999999996,613.0999999999997,1320
2026-06-02T17:30:00+00:00,613.0999999999997,613.2199999999997,611.5299999999996,612.3399999999997,1115
2026-06-02T18:00:00+00:00,612.3399999999997,612.7599999999996,611.5799999999997,611.5799999999997,1135
2026-06-02T18:30:00+00:00,611.5799999999997,611.8599999999997,608.2799999999996,608.5899999999997,1333
2026-06-02T19:00:00+00:00,608.5899999999997,608.8799999999997,607.1799999999996,607.5999999999997,1323
2026-06-02T19:30:00+00:00,607.5999999999997,607.7799999999996,604.2099999999997,604.7499999999997,2870
2026-06-03T13:30:00+00:00,604.7499999999997,620.9699999999997,604.7499999999997,619.0199999999996,4544
2026-06-03T14:00:00+00:00,619.0199999999996,626.0399999999996,616.4799999999997,623.0699999999997,3629
2026-06-03T14:30:00+00:00,623.0699999999997,626.6999999999997,620.7299999999997,623.9199999999996,2613.1961093585696
2026-06-03T15:00:00+00:00,623.9199999999996,625.8099999999996,621.7299999999996,623.0399999999996,2121
2026-06-03T15:30:00+00:00,623.0399999999996,623.2299999999996,619.9899999999996,620.1499999999996,1618
2026-06-03T16:00:00+00:00,620.1499999999996,621.1699999999996,618.4099999999996,620.0299999999996,1775
2026-06-03T16:30:00+00:00,620.0299999999996,626.6099999999996,619.1499999999996,626.2099999999996,2020
2026-06-03T17:00:00+00:00,626.2099999999996,627.1399999999996,622.2199999999996,624.5799999999996,1874
2026-06-03T17:30:00+00:00,624.5799999999996,629.6699999999996,623.9299999999996,629.4399999999996,1931
2026-06-03T18:00:00+00:00,629.4399999999996,630.8699999999997,626.9699999999996,628.7299999999996,2022
2026-06-03T18:30:00+00:00,628.7299999999996,630.4999999999997,628.5199999999996,629.3899999999996,1473
2026-06-03T19:00:00+00:00,629.3899999999996,629.6199999999997,627.1299999999997,627.8199999999996,1809
2026-06-03T19:30:00+00:00,627.8199999999996,631.0099999999996,627.0199999999996,630.2399999999996,3110
2026-06-04T13:30:00+00:00,630.2399999999996,645.8199999999996,629.2199999999996,645.6199999999997,4923
2026-06-04T14:00:00+00:00,645.6199999999997,647.2099999999996,642.7499999999997,644.5699999999996,3592
2026-06-04T14:30:00+00:00,644.5699999999996,647.0399999999996,641.4399999999996,646.6199999999997,2811
2026-06-04T15:00:00+00:00,646.6199999999997,647.0899999999996,644.4599999999996,645.2399999999996,2044
2026-06-04T15:30:00+00:00,645.2399999999996,646.7599999999996,642.4199999999996,644.1899999999996,1795
2026-06-04T16:00:00+00:00,644.1899999999996,649.1899999999996,639.4799999999996,640.1099999999996,2248
2026-06-04T16:30:00+00:00,640.1099999999996,640.4299999999996,634.9699999999996,635.2599999999996,1752
2026-06-04T17:00:00+00:00,635.2599999999996,637.3399999999996,634.4099999999996,636.8899999999996,1492
2026-06-04T17:30:00+00:00,636.8899999999996,637.0699999999996,635.5099999999996,636.0199999999996,1260
2026-06-04T18:00:00+00:00,636.0199999999996,636.0199999999996,632.7899999999996,633.1299999999997,1512
2026-06-04T18:30:00+00:00,633.1299999999997,633.9399999999996,632.4099999999996,632.7299999999996,1337
2026-06-04T19:00:00+00:00,632.7299999999996,633.7699999999996,631.2099999999996,631.3399999999996,1415
2026-06-04T19:30:00+00:00,631.3399999999996,634.5199999999996,629.7899999999996,634.1899999999996,2924
2026-06-05T13:30:00+00:00,634.1899999999996,635.4499999999996,626.1899999999996,626.2099999999996,3076
2026-06-05T14:00:00+00:00,626.2099999999996,626.9699999999996,621.7699999999994,625.2699999999994,2354.0333696672337
2026-06-05T14:30:00+00:00,625.2699999999994,625.3199999999994,622.2899999999993,623.1999999999992,1608.0579617168282
2026-06-05T15:00:00+00:00,623.1999999999992,624.3899999999993,619.0699999999993,619.5999999999992,1526.172236321755
2026-06-05T15:30:00+00:00,619.5999999999992,620.3399999999992,617.5899999999992,619.1299999999992,1726
2026-06-05T16:00:00+00:00,619.1299999999992,619.1399999999993,616.0799999999992,616.1099999999992,1770
2026-06-05T16:30:00+00:00,616.1099999999992,616.1299999999992,614.5199999999993,616.0199999999993,2207
2026-06-05T17:00:00+00:00,616.0199999999993,616.6399999999993,613.6099999999992,615.0599999999993,1695
2026-06-05T17:30:00+00:00,615.0599999999993,615.4599999999992,614.1999999999992,615.0899999999992,1479
2026-06-05T18:00:00+00:00,615.0899999999992,617.3299999999992,589.2799999999993,592.2999999999993,4647
2026-06-05T18:30:00+00:00,592.2999999999993,601.8099999999993,590.4999999999992,601.1199999999992,3630
2026-06-05T19:00:00+00:00,601.1199999999992,602.6299999999992,594.8199999999993,598.2499999999992,2946
2026-06-05T19:30:00+00:00,598.2499999999992,601.0999999999992,595.5299999999993,598.9299999999993,3223
2026-06-08T13:30:00+00:00,598.9299999999993,598.9299999999993,585.5199999999993,595.0499999999993,4003
2026-06-08T14:00:00+00:00,595.0499999999993,597.6999999999992,594.0999999999992,594.3399999999992,2073
2026-06-08T14:30:00+00:00,594.3399999999992,596.9999999999992,592.9499999999992,596.4899999999992,2118
2026-06-08T15:00:00+00:00,596.4899999999992,597.9099999999993,593.8099999999993,593.8099999999993,1775
2026-06-08T15:30:00+00:00,593.8099999999993,595.5299999999993,592.7199999999992,593.7199999999992,1704
2026-06-08T16:00:00+00:00,593.7199999999992,595.2699999999993,593.1899999999993,594.2499999999992,1459
2026-06-08T16:30:00+00:00,594.2499999999992,594.8499999999992,592.8999999999993,592.8999999999993,1441
2026-06-08T17:00:00+00:00,592.8999999999993,594.5099999999993,591.1499999999993,594.2799999999993,1547
2026-06-08T17:30:00+00:00,594.2799999999993,594.9599999999992,592.1799999999993,593.0799999999992,1339
2026-06-08T18:00:00+00:00,593.0799999999992,594.8399999999992,592.8299999999992,594.8199999999993,1232
2026-06-08T18:30:00+00:00,594.8199999999993,595.1999999999992,593.4099999999993,593.7999999999993,1222
2026-06-08T19:00:00+00:00,593.7999999999993,594.0399999999993,591.5199999999993,593.9799999999992,1514
2026-06-08T19:30:00+00:00,593.9799999999992,596.1399999999993,590.8699999999992,591.6199999999992,2574
2026-06-09T13:30:00+00:00,591.6199999999992,603.8699999999992,591.6199999999992,601.9499999999992,3770
2026-06-09T14:00:00+00:00,601.9499999999992,603.4499999999992,598.4299999999993,600.4799999999992,2730
2026-06-09T14:30:00+00:00,600.4799999999992,602.9199999999993,596.4999999999992,599.2099999999992,2843
2026-06-09T15:00:00+00:00,599.2099999999992,601.0499999999993,594.3099999999993,594.6499999999993,2224
2026-06-09T15:30:00+00:00,594.6499999999993,596.4299999999993,593.5399999999993,593.5399999999993,2492
2026-06-09T16:00:00+00:00,593.5399999999993,594.6099999999992,589.6299999999992,592.3199999999993,3093
2026-06-09T16:30:00+00:00,592.3199999999993,593.8799999999992,587.2999999999993,590.1199999999992,3825
2026-06-09T17:00:00+00:00,590.1199999999992,593.2999999999993,589.3099999999993,592.9699999999992,1944
2026-06-09T17:30:00+00:00,592.9699999999992,596.0399999999993,592.6199999999992,594.7299999999992,1817
2026-06-09T18:00:00+00:00,594.7299999999992,596.9099999999993,593.7999999999993,595.8299999999992,1785
2026-06-09T18:30:00+00:00,595.8299999999992,597.5899999999992,595.2999999999993,597.0299999999993,1721
2026-06-09T19:00:00+00:00,597.0299999999993,597.6699999999993,594.0999999999992,594.4899999999992,2027
2026-06-09T19:30:00+00:00,594.4899999999992,594.6999999999992,590.1999999999992,591.0599999999993,3037
2026-06-10T13:30:00+00:00,591.0599999999993,597.5499999999993,585.5699999999993,593.6499999999993,3172
2026-06-10T14:00:00+00:00,593.6499999999993,596.2199999999992,589.2999999999993,589.7199999999992,2181
2026-06-10T14:30:00+00:00,589.7199999999992,589.9199999999993,584.7399999999992,585.2899999999993,2165.207339009474
2026-06-10T15:00:00+00:00,585.2899999999993,587.0099999999993,581.4199999999993,584.1099999999993,2464
2026-06-10T15:30:00+00:00,584.1099999999993,586.4299999999993,582.6399999999993,585.8999999999993,1894
2026-06-10T16:00:00+00:00,585.8999999999993,585.9599999999992,582.9999999999993,583.3999999999993,1375
2026-06-10T16:30:00+00:00,583.3999999999993,584.4899999999993,582.5899999999992,583.7399999999993,1280
2026-06-10T17:00:00+00:00,583.7399999999993,584.2699999999993,581.5899999999992,582.4099999999993,1221
2026-06-10T17:30:00+00:00,582.4099999999993,582.4099999999993,580.2699999999993,581.6499999999993,1761
2026-06-10T18:00:00+00:00,581.6499999999993,583.3099999999993,581.4299999999993,581.7399999999993,1320
2026-06-10T18:30:00+00:00,581.7399999999993,581.7599999999993,578.7199999999992,578.7699999999993,1607
2026-06-10T19:00:00+00:00,578.7699999999993,579.4599999999992,576.9899999999993,577.2499999999993,1839
2026-06-10T19:30:00+00:00,577.2499999999993,579.9499999999992,576.5499999999993,577.2099999999992,3007
2026-06-11T13:30:00+00:00,577.2099999999992,577.2099999999992,567.3899999999993,569.5199999999993,3415
2026-06-11T14:00:00+00:00,569.5199999999993,571.3399999999992,564.4899999999993,567.0899999999992,3223
2026-06-11T14:30:00+00:00,567.0899999999992,570.1099999999993,563.9899999999993,564.6099999999993,2735
2026-06-11T15:00:00+00:00,564.6099999999993,568.9599999999992,563.3899999999993,566.9099999999993,2161
2026-06-11T15:30:00+00:00,566.9099999999993,568.7799999999993,565.9899999999993,567.2499999999993,1678
2026-06-11T16:00:00+00:00,567.2499999999993,571.0799999999992,567.0399999999993,569.7199999999992,1695
2026-06-11T16:30:00+00:00,569.7199999999992,571.2999999999993,566.5299999999993,566.6899999999993,1460
2026-06-11T17:00:00+00:00,566.6899999999993,572.2399999999993,564.1599999999993,572.0299999999993,2225
2026-06-11T17:30:00+00:00,572.0299999999993,575.1699999999993,571.2099999999992,574.8799999999993,2514
2026-06-11T18:00:00+00:00,574.8799999999993,575.1299999999993,571.4899999999993,573.4099999999993,1711
2026-06-11T18:30:00+00:00,573.4099999999993,574.6199999999993,572.4999999999993,573.4699999999992,1601
2026-06-11T19:00:00+00:00,573.4699999999992,576.2799999999993,573.3999999999993,576.0199999999993,2068
2026-06-11T19:30:00+00:00,576.0199999999993,578.5199999999993,573.2099999999992,574.6999999999992,3786
2026-06-12T13:30:00+00:00,574.6999999999992,582.2399999999993,567.1999999999992,570.2299999999993,3689
2026-06-12T14:00:00+00:00,570.2299999999993,572.4099999999993,569.6699999999993,571.9199999999993,2211
2026-06-12T14:30:00+00:00,571.9199999999993,577.1999999999992,569.4899999999993,576.7699999999993,2471.4058450510065
2026-06-12T15:00:00+00:00,576.7699999999993,580.9599999999994,576.0999999999993,578.3299999999994,2272
2026-06-12T15:30:00+00:00,578.3299999999994,578.6899999999993,575.1799999999993,575.5099999999993,2176
2026-06-12T16:00:00+00:00,575.5099999999993,578.6399999999993,574.3899999999993,577.6299999999993,1865
2026-06-12T16:30:00+00:00,577.6299999999993,577.8899999999993,575.9299999999993,576.4999999999993,1447
2026-06-12T17:00:00+00:00,576.4999999999993,579.1599999999993,573.7599999999993,574.1199999999993,1547
2026-06-12T17:30:00+00:00,574.1199999999993,574.1999999999994,572.1399999999993,572.8699999999993,1346
2026-06-12T18:00:00+00:00,572.8699999999993,573.5099999999993,571.3099999999993,571.8599999999993,1417
2026-06-12T18:30:00+00:00,571.8599999999993,573.7799999999993,571.6999999999994,572.3999999999993,1470
2026-06-12T19:00:00+00:00,572.3999999999993,573.9199999999993,572.1399999999993,573.0699999999993,1466
2026-06-12T19:30:00+00:00,573.0699999999993,574.3399999999993,569.6399999999993,573.4099999999993,2464
2026-06-15T13:30:00+00:00,573.4099999999993,598.6499999999993,573.4099999999993,598.0999999999993,4297
2026-06-15T14:00:00+00:00,598.0999999999993,600.1499999999993,594.9899999999993,596.7499999999993,2395
2026-06-15T14:30:00+00:00,596.7499999999993,601.0099999999993,596.5099999999993,600.6199999999993,2105
2026-06-15T15:00:00+00:00,600.6199999999993,604.0699999999993,599.9099999999993,603.1799999999993,2179
2026-06-15T15:30:00+00:00,603.1799999999993,607.0699999999993,602.3899999999993,606.1999999999994,2084
2026-06-15T16:00:00+00:00,606.1999999999994,607.6699999999993,605.0099999999993,605.3599999999993,1741
2026-06-15T16:30:00+00:00,605.3599999999993,605.4299999999993,602.4899999999993,603.2499999999993,1688
2026-06-15T17:00:00+00:00,603.2499999999993,603.6499999999993,601.1899999999993,601.1899999999993,1374
2026-06-15T17:30:00+00:00,601.1899999999993,603.1299999999993,600.6999999999994,601.5999999999993,1390
2026-06-15T18:00:00+00:00,601.5999999999993,602.4499999999994,600.8899999999993,601.8099999999993,1414
2026-06-15T18:30:00+00:00,601.8099999999993,601.9599999999994,600.5099999999993,601.0199999999993,1386
2026-06-15T19:00:00+00:00,601.0199999999993,601.0799999999994,597.5999999999993,597.6499999999993,1689
2026-06-15T19:30:00+00:00,597.6499999999993,600.3899999999993,597.0799999999994,599.6499999999993,2970
2026-06-16T13:30:00+00:00,599.6499999999993,612.1199999999993,598.7399999999993,608.5999999999993,3511
2026-06-16T14:00:00+00:00,608.5999999999993,611.8799999999993,599.8399999999993,599.8599999999993,2746
2026-06-16T14:30:00+00:00,599.8599999999993,603.7299999999993,598.4299999999993,602.3399999999993,1973
2026-06-16T15:00:00+00:00,602.3399999999993,605.1599999999993,602.2599999999993,603.1299999999993,1485
2026-06-16T15:30:00+00:00,603.1299999999993,603.4099999999993,600.8699999999993,601.4899999999993,1455
2026-06-16T16:00:00+00:00,601.4899999999993,603.0999999999993,601.0199999999993,602.7199999999993,1061
2026-06-16T16:30:00+00:00,602.7199999999993,604.0799999999994,602.1099999999993,603.5999999999993,1134
2026-06-16T17:00:00+00:00,603.5999999999993,604.0799999999994,602.2899999999993,602.6199999999993,1060
2026-06-16T17:30:00+00:00,602.6199999999993,602.9999999999993,601.5699999999993,602.3199999999993,1117
2026-06-16T18:00:00+00:00,602.3199999999993,605.0699999999993,602.2499999999993,604.5599999999993,943
2026-06-16T18:30:00+00:00,604.5599999999993,606.6199999999993,604.5299999999993,605.9699999999993,1160
2026-06-16T19:00:00+00:00,605.9699999999993,606.4099999999993,604.5999999999993,605.1999999999994,1755
2026-06-16T19:30:00+00:00,605.1999999999994,607.6399999999993,603.2099999999994,606.4899999999993,2843
2026-06-17T13:30:00+00:00,606.4899999999993,606.4899999999993,591.1899999999993,591.3999999999993,5150
2026-06-17T14:00:00+00:00,591.3999999999993,593.6899999999993,590.3699999999993,591.4999999999993,5474
2026-06-17T14:30:00+00:00,591.4999999999993,592.0499999999993,587.4399999999993,588.4599999999994,4604.581228330857
2026-06-17T15:00:00+00:00,588.4599999999994,588.7699999999993,586.0499999999994,586.9899999999993,3666
2026-06-17T15:30:00+00:00,586.9899999999993,587.7699999999993,586.5599999999994,587.0799999999994,1404
2026-06-17T16:00:00+00:00,587.0799999999994,587.8399999999993,586.1099999999993,586.6999999999994,1522
2026-06-17T16:30:00+00:00,586.6999999999994,586.9999999999993,583.8499999999993,584.5999999999993,1722
2026-06-17T17:00:00+00:00,584.5999999999993,585.9199999999994,583.2099999999994,585.8899999999993,1603
2026-06-17T17:30:00+00:00,585.8899999999993,587.2099999999994,585.5099999999993,586.5599999999994,1372
2026-06-17T18:00:00+00:00,586.5599999999994,586.7099999999994,581.0299999999993,582.1099999999993,3015
2026-06-17T18:30:00+00:00,582.1099999999993,582.2699999999993,578.7299999999993,578.9899999999993,2828
2026-06-17T19:00:00+00:00,578.9899999999993,580.1199999999993,575.9999999999993,576.1899999999994,2977
2026-06-17T19:30:00+00:00,576.1899999999994,577.2099999999994,572.9399999999994,573.9799999999993,4297
2026-06-18T13:30:00+00:00,573.9799999999993,582.7299999999993,569.5499999999994,572.2199999999993,8046
2026-06-18T14:00:00+00:00,572.2199999999993,579.6699999999994,572.0499999999994,576.2899999999994,6487
2026-06-18T14:30:00+00:00,576.2899999999994,578.8399999999992,575.3499999999993,578.1499999999993,4347.208927749654
2026-06-18T15:00:00+00:00,578.1499999999993,579.7899999999993,577.0999999999992,579.5799999999992,3413
2026-06-18T15:30:00+00:00,579.5799999999992,585.0999999999992,579.0599999999993,583.3599999999992,3671
2026-06-18T16:00:00+00:00,583.3599999999992,583.7599999999992,580.8199999999993,582.4399999999993,3182
2026-06-18T16:30:00+00:00,582.4399999999993,584.4299999999993,582.0599999999993,583.7199999999992,2197
2026-06-18T17:00:00+00:00,583.7199999999992,585.0899999999992,583.3999999999993,584.3799999999992,2047
2026-06-18T17:30:00+00:00,584.3799999999992,585.3199999999993,582.6499999999993,582.8699999999992,2081
2026-06-18T18:00:00+00:00,582.8699999999992,582.8699999999992,579.8699999999992,579.9599999999992,2273
2026-06-18T18:30:00+00:00,579.9599999999992,583.0199999999993,579.6499999999993,582.6899999999993,1928
2026-06-18T19:00:00+00:00,582.6899999999993,582.8199999999993,579.5699999999993,581.2199999999992,2203
2026-06-18T19:30:00+00:00,581.2199999999992,586.5899999999992,579.8599999999992,583.7299999999992,4026
2026-06-22T13:30:00+00:00,583.7299999999992,583.7299999999992,573.8999999999993,581.3199999999993,6792
2026-06-22T14:00:00+00:00,581.3199999999993,581.8599999999992,573.5599999999993,574.0899999999992,4631
2026-06-22T14:30:00+00:00,574.0899999999992,575.0099999999992,568.0299999999993,569.1299999999992,4666
2026-06-22T15:00:00+00:00,569.1299999999992,570.3699999999992,566.5799999999992,567.0399999999993,3458
2026-06-22T15:30:00+00:00,567.0399999999993,571.0599999999993,566.3599999999992,569.1599999999993,3527
2026-06-22T16:00:00+00:00,569.1599999999993,569.5799999999992,567.2599999999992,567.3499999999992,2458
2026-06-22T16:30:00+00:00,567.3499999999992,569.0099999999992,566.8199999999993,568.6499999999993,2041
2026-06-22T17:00:00+00:00,568.6499999999993,570.2499999999992,568.3899999999992,569.0999999999992,2051
2026-06-22T17:30:00+00:00,569.0999999999992,571.0799999999992,567.9399999999993,570.3599999999992,2012
2026-06-22T18:00:00+00:00,570.3599999999992,572.5799999999992,569.9899999999992,572.0099999999992,1683
2026-06-22T18:30:00+00:00,572.0099999999992,572.5799999999992,571.5699999999993,571.5699999999993,1697
2026-06-22T19:00:00+00:00,571.5699999999993,572.4799999999992,570.6699999999993,571.0799999999992,1764
2026-06-22T19:30:00+00:00,571.0799999999992,572.5199999999993,568.7699999999993,570.3199999999993,3149
2026-06-23T13:30:00+00:00,570.3199999999993,578.7299999999992,567.5299999999993,578.0899999999992,7602
2026-06-23T14:00:00+00:00,578.0899999999992,578.2499999999992,573.9199999999993,575.0399999999993,6148
2026-06-23T14:30:00+00:00,575.0399999999993,575.6099999999992,571.7699999999993,572.1699999999993,3884
2026-06-23T15:00:00+00:00,572.1699999999993,572.4299999999993,568.5799999999992,569.7499999999992,3589
2026-06-23T15:30:00+00:00,569.7499999999992,571.0299999999993,568.7899999999993,570.4999999999992,3336
2026-06-23T16:00:00+00:00,570.4999999999992,571.0899999999992,569.5599999999993,570.3999999999993,2872
2026-06-23T16:30:00+00:00,570.3999999999993,575.1499999999993,570.0599999999993,572.7399999999992,3953
2026-06-23T17:00:00+00:00,572.7399999999992,572.8999999999993,570.3999999999993,572.1899999999993,2829
2026-06-23T17:30:00+00:00,572.1899999999993,574.1299999999992,571.0099999999992,571.2999999999993,3001
2026-06-23T18:00:00+00:00,571.2999999999993,571.4199999999993,568.8999999999993,569.1799999999993,2282
2026-06-23T18:30:00+00:00,569.1799999999993,569.9199999999993,568.1599999999993,569.2299999999992,2462
2026-06-23T19:00:00+00:00,569.2299999999992,570.9299999999993,569.0599999999993,569.0599999999993,2884
2026-06-23T19:30:00+00:00,569.0599999999993,570.3699999999992,568.4899999999992,568.4999999999992,4166
2026-06-24T13:30:00+00:00,568.4999999999992,575.3499999999992,563.9599999999992,568.6999999999992,3786
2026-06-24T14:00:00+00:00,568.6999999999992,570.3999999999993,566.8099999999993,569.0999999999992,2277
2026-06-24T14:30:00+00:00,569.0999999999992,572.7299999999992,566.2599999999992,572.7199999999992,1940.7541118421052
2026-06-24T15:00:00+00:00,572.7199999999992,574.6599999999993,571.4099999999993,573.0499999999993,2075
2026-06-24T15:30:00+00:00,573.0499999999993,573.3799999999992,569.1699999999993,569.5399999999993,1708
2026-06-24T16:00:00+00:00,569.5399999999993,571.1699999999993,569.1999999999992,570.1699999999993,1269
2026-06-24T16:30:00+00:00,570.1699999999993,570.2499999999992,565.5799999999992,565.6999999999992,1873
2026-06-24T17:00:00+00:00,565.6999999999992,566.6999999999992,562.2499999999992,563.5099999999992,2093
2026-06-24T17:30:00+00:00,563.5099999999992,563.9999999999992,562.5099999999992,562.9199999999993,2093
2026-06-24T18:00:00+00:00,562.9199999999993,567.1699999999993,562.7999999999993,566.4799999999992,2150
2026-06-24T18:30:00+00:00,566.4799999999992,567.5699999999993,564.4299999999993,564.6299999999992,2150
2026-06-24T19:00:00+00:00,564.6299999999992,566.0399999999993,563.2599999999992,564.3599999999992,2616
2026-06-24T19:30:00+00:00,564.3599999999992,565.9599999999992,563.7099999999992,564.4199999999993,3745
2026-06-25T13:30:00+00:00,564.4199999999993,564.4199999999993,546.8399999999992,554.3299999999992,5624
2026-06-25T14:00:00+00:00,554.3299999999992,560.3499999999992,553.3899999999992,560.1799999999993,3015
2026-06-25T14:30:00+00:00,560.1799999999993,562.9499999999992,558.8499999999992,559.2699999999992,2212
2026-06-25T15:00:00+00:00,559.2699999999992,559.9599999999992,555.7699999999992,559.2999999999993,2178
2026-06-25T15:30:00+00:00,559.2999999999993,561.1499999999992,556.1199999999992,556.4399999999993,2003
2026-06-25T16:00:00+00:00,556.4399999999993,556.6099999999992,553.5999999999992,553.9499999999992,1762
2026-06-25T16:30:00+00:00,553.9499999999992,554.0199999999992,552.1999999999992,553.2799999999992,1726
2026-06-25T17:00:00+00:00,553.2799999999992,553.5299999999992,550.4099999999993,551.0199999999992,1660
2026-06-25T17:30:00+00:00,551.0199999999992,552.1499999999992,549.7099999999992,551.9599999999992,1635
2026-06-25T18:00:00+00:00,551.9599999999992,555.1299999999992,549.9099999999993,554.9099999999993,1889
2026-06-25T18:30:00+00:00,554.9099999999993,555.0899999999992,551.9999999999992,553.1699999999993,1553
2026-06-25T19:00:00+00:00,553.1699999999993,553.4499999999992,552.1999999999992,552.4099999999993,1938
2026-06-25T19:30:00+00:00,552.4099999999993,553.2899999999993,549.0199999999992,549.6599999999993,3791
2026-06-26T13:30:00+00:00,549.6599999999993,552.2699999999992,547.0999999999992,549.1699999999993,4084
2026-06-26T14:00:00+00:00,549.1699999999993,558.4499999999992,548.8099999999993,557.2499999999992,2552
2026-06-26T14:30:00+00:00,557.2499999999992,560.1099999999992,557.0299999999992,558.9999999999992,2233.4589488148404
2026-06-26T15:00:00+00:00,558.9999999999992,562.4899999999992,558.7299999999992,562.2899999999992,2135
2026-06-26T15:30:00+00:00,562.2899999999992,563.3599999999992,561.5299999999992,562.3199999999993,2086
2026-06-26T16:00:00+00:00,562.3199999999993,563.5099999999992,561.0299999999992,561.1399999999992,1956
2026-06-26T16:30:00+00:00,561.1399999999992,562.7499999999992,559.7299999999992,560.0599999999991,1580
2026-06-26T17:00:00+00:00,560.0599999999991,561.6099999999992,559.7299999999992,561.2499999999992,1289
2026-06-26T17:30:00+00:00,561.2499999999992,561.9399999999993,559.9999999999992,561.4599999999992,1506
2026-06-26T18:00:00+00:00,561.4599999999992,562.5699999999993,560.0999999999992,560.1199999999992,1382
2026-06-26T18:30:00+00:00,560.1199999999992,560.4499999999992,556.4999999999992,556.8699999999992,1798
2026-06-26T19:00:00+00:00,556.8699999999992,557.5899999999992,556.5199999999992,556.7399999999992,1720
2026-06-26T19:30:00+00:00,556.7399999999992,558.6099999999992,555.5399999999992,555.8799999999992,3648
2026-06-29T13:30:00+00:00,555.8799999999992,577.4299999999992,555.8799999999992,573.0499999999992,5777
2026-06-29T14:00:00+00:00,573.0499999999992,576.0399999999992,571.1699999999992,574.5399999999992,3425
2026-06-29T14:30:00+00:00,574.5399999999992,575.9799999999992,571.6799999999992,572.0299999999992,2884
2026-06-29T15:00:00+00:00,572.0299999999992,573.7399999999992,569.0699999999993,573.2999999999992,1867
2026-06-29T15:30:00+00:00,573.2999999999992,573.5599999999991,570.8699999999992,571.2399999999992,1621
2026-06-29T16:00:00+00:00,571.2399999999992,572.2499999999992,569.8799999999992,571.0099999999992,1362
2026-06-29T16:30:00+00:00,571.0099999999992,572.4699999999992,569.7399999999992,571.6499999999992,1617
2026-06-29T17:00:00+00:00,571.6499999999992,572.4599999999992,570.7299999999992,571.1599999999992,1552
2026-06-29T17:30:00+00:00,571.1599999999992,572.7599999999992,570.7299999999992,571.8199999999993,1295
2026-06-29T18:00:00+00:00,571.8199999999993,572.5699999999993,571.3199999999993,571.7499999999992,1081
2026-06-29T18:30:00+00:00,571.7499999999992,573.3399999999992,571.1899999999993,572.0899999999992,1439
2026-06-29T19:00:00+00:00,572.0899999999992,572.7699999999992,570.6799999999992,570.6799999999992,1625
2026-06-29T19:30:00+00:00,570.6799999999992,574.0499999999992,568.7399999999992,569.2299999999992,3236
2026-06-30T13:30:00+00:00,569.2299999999992,569.2299999999992,561.5299999999992,563.0199999999992,3468
2026-06-30T14:00:00+00:00,563.0199999999992,563.7299999999992,560.7299999999992,562.9199999999992,1931
2026-06-30T14:30:00+00:00,562.9199999999992,563.8699999999992,558.1899999999993,558.7299999999992,1875
2026-06-30T15:00:00+00:00,558.7299999999992,563.2299999999992,558.7299999999992,562.6399999999992,1743
2026-06-30T15:30:00+00:00,562.6399999999992,564.0799999999992,561.8499999999992,563.8599999999992,1536
2026-06-30T16:00:00+00:00,563.8599999999992,564.1799999999992,561.9299999999992,562.7299999999992,1232
2026-06-30T16:30:00+00:00,562.7299999999992,565.7299999999992,562.6099999999992,565.6699999999992,1356
2026-06-30T17:00:00+00:00,565.6699999999992,566.9599999999992,564.8199999999993,565.7299999999992,1275
2026-06-30T17:30:00+00:00,565.7299999999992,567.1999999999992,565.5299999999992,566.4299999999992,1271
2026-06-30T18:00:00+00:00,566.4299999999992,568.3599999999992,566.1299999999992,567.2699999999992,1252
2026-06-30T18:30:00+00:00,567.2699999999992,567.9499999999992,565.6699999999992,567.3799999999992,1373
2026-06-30T19:00:00+00:00,567.3799999999992,568.3899999999992,567.1299999999992,568.1699999999992,1205
2026-06-30T19:30:00+00:00,568.1699999999992,572.1799999999992,567.1299999999992,569.5699999999993,3313
2026-07-01T13:30:00+00:00,569.5699999999993,616.9999999999992,569.5699999999993,613.1399999999992,7695
2026-07-01T14:00:00+00:00,613.1399999999992,623.4699999999992,612.5199999999992,619.1599999999992,6010
2026-07-01T14:30:00+00:00,619.1599999999992,631.7299999999992,618.3799999999992,629.3799999999992,6423.984326018809
2026-07-01T15:00:00+00:00,629.3799999999992,634.9899999999991,627.7899999999992,634.2199999999991,5261
2026-07-01T15:30:00+00:00,634.2199999999991,634.4599999999991,622.3899999999992,624.3099999999991,4463
2026-07-01T16:00:00+00:00,624.3099999999991,627.4499999999991,623.2899999999992,624.6699999999992,3426
2026-07-01T16:30:00+00:00,624.6699999999992,627.0599999999991,622.2899999999992,623.5699999999991,2689
2026-07-01T17:00:00+00:00,623.5699999999991,626.1899999999991,623.5299999999992,624.2599999999992,2389
2026-07-01T17:30:00+00:00,624.2599999999992,629.5899999999991,623.7399999999991,628.0899999999991,2665
2026-07-01T18:00:00+00:00,628.0899999999991,628.5199999999992,624.4899999999991,627.8899999999992,2309
2026-07-01T18:30:00+00:00,627.8899999999992,628.0799999999991,624.7899999999992,624.9299999999992,2235
2026-07-01T19:00:00+00:00,624.9299999999992,625.7099999999991,621.1399999999992,621.3999999999992,2595
2026-07-01T19:30:00+00:00,621.3999999999992,623.6999999999991,617.8199999999991,619.8699999999991,4428
2026-07-02T13:30:00+00:00,619.8699999999991,619.8699999999991,598.0099999999992,599.0899999999991,6231
2026-07-02T14:00:00+00:00,599.0899999999991,600.8399999999991,595.5499999999992,597.5699999999991,4155
2026-07-02T14:30:00+00:00,597.5699999999991,599.4999999999992,594.9899999999991,596.8399999999991,4317.926333872272
2026-07-02T15:00:00+00:00,596.8399999999991,597.3299999999991,592.6799999999992,594.3699999999991,3694
2026-07-02T15:30:00+00:00,594.3699999999991,596.6799999999992,593.4799999999991,593.9499999999991,2360
2026-07-02T16:00:00+00:00,593.9499999999991,594.2299999999991,591.1299999999991,593.7399999999991,2220
2026-07-02T16:30:00+00:00,593.7399999999991,594.1699999999992,591.3299999999991,591.4899999999991,1932
2026-07-02T17:00:00+00:00,591.4899999999991,592.8799999999991,591.0499999999992,591.7599999999991,1807
2026-07-02T17:30:00+00:00,591.7599999999991,592.2299999999991,590.5299999999991,591.1299999999991,1425
2026-07-02T18:00:00+00:00,591.1299999999991,593.5899999999991,590.8599999999991,593.0299999999991,1646
2026-07-02T18:30:00+00:00,593.0299999999991,593.3599999999991,587.2399999999991,591.6299999999991,1983
2026-07-02T19:00:00+00:00,591.6299999999991,594.3699999999991,589.8299999999991,593.0399999999992,2461
2026-07-02T19:30:00+00:00,593.0399999999992,593.4999999999991,588.4699999999991,589.5799999999991,3325
2026-07-06T13:30:00+00:00,589.5799999999991,603.7699999999991,588.8399999999991,588.9099999999991,5250
2026-07-06T14:00:00+00:00,588.9099999999991,595.3599999999991,588.6299999999991,593.8399999999991,3008
2026-07-06T14:30:00+00:00,593.8399999999991,596.8199999999991,593.2399999999991,595.1699999999992,2563
2026-07-06T15:00:00+00:00,595.1699999999992,598.6599999999991,594.8399999999991,598.5599999999991,2152
2026-07-06T15:30:00+00:00,598.5599999999991,599.6199999999991,597.5299999999991,599.5799999999991,2089
2026-07-06T16:00:00+00:00,599.5799999999991,604.8999999999991,598.6399999999991,599.0899999999991,2584
2026-07-06T16:30:00+00:00,599.0899999999991,599.8099999999991,598.3799999999991,598.8799999999991,1643
2026-07-06T17:00:00+00:00,598.8799999999991,601.8499999999991,598.8399999999991,601.4799999999991,1969
2026-07-06T17:30:00+00:00,601.4799999999991,601.5499999999992,599.3499999999991,600.5499999999992,1856
2026-07-06T18:00:00+00:00,600.5499999999992,608.5699999999991,600.1299999999991,606.7599999999991,2544
2026-07-06T18:30:00+00:00,606.7599999999991,609.1999999999991,605.8499999999991,606.5299999999991,2440
2026-07-06T19:00:00+00:00,606.5299999999991,608.0899999999991,605.8699999999991,607.1499999999991,2141
2026-07-06T19:30:00+00:00,607.1499999999991,610.3499999999991,606.2399999999991,607.0799999999991,3670
2026-07-07T13:30:00+00:00,607.0799999999991,620.8799999999991,607.0799999999991,619.1699999999992,6692
2026-07-07T14:00:00+00:00,619.1699999999992,622.6499999999991,615.6199999999991,617.6699999999992,5029
2026-07-07T14:30:00+00:00,617.6699999999992,618.0799999999991,611.3599999999991,612.0399999999992,4293
2026-07-07T15:00:00+00:00,612.0399999999992,613.7799999999991,610.8299999999991,613.2499999999991,3103
2026-07-07T15:30:00+00:00,613.2499999999991,613.4699999999991,611.2299999999991,611.8499999999991,2482
2026-07-07T16:00:00+00:00,611.8499999999991,613.3599999999991,610.4299999999992,612.8499999999991,1849
2026-07-07T16:30:00+00:00,612.8499999999991,616.1099999999991,612.8299999999991,614.0999999999991,1788
2026-07-07T17:00:00+00:00,614.0999999999991,614.6599999999991,611.3599999999991,614.3099999999991,1637
2026-07-07T17:30:00+00:00,614.3099999999991,616.6499999999991,613.9499999999991,616.3299999999991,1497
2026-07-07T18:00:00+00:00,616.3299999999991,632.0799999999991,616.3299999999991,628.9899999999991,5357
2026-07-07T18:30:00+00:00,628.9899999999991,629.7899999999992,623.8299999999991,626.4299999999992,2932
2026-07-07T19:00:00+00:00,626.4299999999992,627.9599999999991,622.4699999999991,622.8399999999991,3264
2026-07-07T19:30:00+00:00,622.8399999999991,625.2299999999991,620.8799999999991,622.2899999999992,3718
2026-07-08T13:30:00+00:00,622.2899999999992,622.2899999999992,607.4299999999992,609.1699999999992,5401
2026-07-08T14:00:00+00:00,609.1699999999992,613.3799999999991,608.5899999999991,611.0399999999992,2989
2026-07-08T14:30:00+00:00,611.0399999999992,611.6699999999992,607.0499999999992,608.2599999999991,2797.5295381310416
2026-07-08T15:00:00+00:00,608.2599999999991,610.4999999999991,607.799999999999,609.0099999999991,2297
2026-07-08T15:30:00+00:00,609.0099999999991,611.3399999999991,607.9999999999991,610.6199999999991,1870
2026-07-08T16:00:00+00:00,610.6199999999991,612.289999999999,610.069999999999,611.2599999999991,1656
2026-07-08T16:30:00+00:00,611.2599999999991,612.2499999999991,609.5199999999991,611.0999999999991,1714
2026-07-08T17:00:00+00:00,611.0999999999991,612.4599999999991,610.2399999999991,612.3599999999991,1228
2026-07-08T17:30:00+00:00,612.3599999999991,613.549999999999,611.329999999999,611.9099999999991,1341
2026-07-08T18:00:00+00:00,611.9099999999991,613.2599999999991,611.6399999999991,612.0099999999991,1341
2026-07-08T18:30:00+00:00,612.0099999999991,614.2099999999991,611.5199999999991,613.919999999999,1513
2026-07-08T19:00:00+00:00,613.919999999999,614.579999999999,604.9999999999991,606.5199999999991,2522
2026-07-08T19:30:00+00:00,606.5199999999991,611.689999999999,605.5999999999991,610.2399999999991,2830
2026-07-09T13:30:00+00:00,610.2399999999991,610.2399999999991,583.9999999999991,597.039999999999,5406
2026-07-09T14:00:00+00:00,597.039999999999,607.4899999999991,597.0099999999991,600.8599999999991,6086
2026-07-09T14:30:00+00:00,600.8599999999991,606.8399999999991,598.6399999999991,606.4099999999991,3936
2026-07-09T15:00:00+00:00,606.4099999999991,611.3499999999991,606.1399999999991,611.3499999999991,3294
2026-07-09T15:30:00+00:00,611.3499999999991,615.579999999999,610.669999999999,615.1099999999991,2703
2026-07-09T16:00:00+00:00,615.1099999999991,623.2499999999991,614.679999999999,620.9599999999991,3826
2026-07-09T16:30:00+00:00,620.9599999999991,622.2199999999991,619.449999999999,619.8799999999991,2574
2026-07-09T17:00:00+00:00,619.8799999999991,620.7299999999991,618.2499999999991,619.3499999999991,2201
2026-07-09T17:30:00+00:00,619.3499999999991,620.1099999999991,617.0299999999991,618.1099999999991,2008
2026-07-09T18:00:00+00:00,618.1099999999991,623.5899999999991,618.0199999999991,622.6599999999991,2634
2026-07-09T18:30:00+00:00,622.6599999999991,623.789999999999,621.3399999999991,622.6099999999991,1578
2026-07-09T19:00:00+00:00,622.6099999999991,631.5199999999991,622.3399999999991,631.0999999999991,3041
2026-07-09T19:30:00+00:00,631.0999999999991,640.199999999999,631.0999999999991,638.539999999999,5948
2026-07-10T13:30:00+00:00,638.539999999999,683.9799999999991,638.539999999999,679.7299999999991,10191
2026-07-10T14:00:00+00:00,679.7299999999991,684.799999999999,669.0999999999991,674.1499999999991,6133
2026-07-10T14:30:00+00:00,674.1499999999991,680.3899999999991,669.2499999999991,676.6099999999991,5717.94384359401
2026-07-10T15:00:00+00:00,676.6099999999991,681.9999999999991,674.1899999999991,681.4099999999991,4307
2026-07-10T15:30:00+00:00,681.4099999999991,682.2699999999991,676.419999999999,676.7399999999991,3346
2026-07-10T16:00:00+00:00,676.7399999999991,678.679999999999,673.1999999999991,675.429999999999,3393
2026-07-10T16:30:00+00:00,675.429999999999,676.799999999999,673.9799999999991,675.1499999999991,1873
2026-07-10T17:00:00+00:00,675.1499999999991,675.1999999999991,669.4599999999991,669.8299999999991,2306
2026-07-10T17:30:00+00:00,669.8299999999991,672.7399999999991,668.9999999999991,672.2499999999991,2329
2026-07-10T18:00:00+00:00,672.2499999999991,677.5799999999991,671.9899999999991,675.7499999999991,2754
2026-07-10T18:30:00+00:00,675.7499999999991,677.6299999999991,674.4899999999991,675.5999999999991,2018
2026-07-10T19:00:00+00:00,675.5999999999991,677.5799999999991,672.7799999999991,672.8699999999991,2427
2026-07-10T19:30:00+00:00,672.8699999999991,678.0799999999991,670.559999999999,675.9699999999991,4161
2026-07-13T13:30:00+00:00,675.9699999999991,683.289999999999,666.0899999999991,670.6499999999991,7871
2026-07-13T14:00:00+00:00,670.6499999999991,671.5199999999991,661.1299999999991,663.8799999999991,4326
2026-07-13T14:30:00+00:00,663.8799999999991,670.8299999999991,663.2299999999991,668.2399999999991,3556
2026-07-13T15:00:00+00:00,668.2399999999991,671.419999999999,665.0199999999991,666.2499999999991,2994
2026-07-13T15:30:00+00:00,666.2499999999991,670.6099999999991,665.9899999999991,667.1599999999991,2331
2026-07-13T16:00:00+00:00,667.1599999999991,667.8999999999991,666.0999999999991,667.3299999999991,2199
2026-07-13T16:30:00+00:00,667.3299999999991,671.2799999999991,665.4899999999991,665.4899999999991,2610
2026-07-13T17:00:00+00:00,665.4899999999991,669.7399999999991,664.6399999999991,667.539999999999,2224
2026-07-13T17:30:00+00:00,667.539999999999,668.8599999999991,666.2299999999991,667.2499999999991,2044
2026-07-13T18:00:00+00:00,667.2499999999991,669.929999999999,666.5799999999991,669.7799999999991,2059
2026-07-13T18:30:00+00:00,669.7799999999991,670.3899999999991,666.9799999999991,668.9399999999991,1929
2026-07-13T19:00:00+00:00,668.9399999999991,669.539999999999,665.1399999999991,665.7199999999991,1737
2026-07-13T19:30:00+00:00,665.7199999999991,665.929999999999,661.3999999999991,663.9799999999991,3281
2026-07-14T13:30:00+00:00,663.9799999999991,669.419999999999,655.9899999999991,667.6099999999991,7270
2026-07-14T14:00:00+00:00,667.6099999999991,669.2199999999991,662.3299999999991,664.5199999999991,5244
2026-07-14T14:30:00+00:00,664.5199999999991,671.049999999999,664.1399999999991,669.169999999999,5353
2026-07-14T15:00:00+00:00,669.169999999999,670.3499999999991,666.9999999999991,667.2099999999991,3120
2026-07-14T15:30:00+00:00,667.2099999999991,667.5299999999991,662.5199999999991,663.2799999999991,2567
2026-07-14T16:00:00+00:00,663.2799999999991,665.919999999999,661.9899999999991,665.0799999999991,2122
2026-07-14T16:30:00+00:00,665.0799999999991,673.3499999999991,665.0799999999991,671.0299999999991,2287
2026-07-14T17:00:00+00:00,671.0299999999991,671.5299999999991,667.4799999999991,669.7699999999991,1932
2026-07-14T17:30:00+00:00,669.7699999999991,671.539999999999,667.7199999999991,668.1199999999991,1414
2026-07-14T18:00:00+00:00,668.1199999999991,670.299999999999,666.4799999999991,668.0699999999991,1653
2026-07-14T18:30:00+00:00,668.0699999999991,668.6199999999991,665.1599999999991,665.5099999999991,1251
2026-07-14T19:00:00+00:00,665.5099999999991,669.549999999999,664.429999999999,667.2699999999991,1709
2026-07-14T19:30:00+00:00,667.2699999999991,668.4399999999991,664.419999999999,667.9799999999991,3129
2026-07-15T13:30:00+00:00,667.9799999999991,671.5899999999991,663.6399999999991,666.7199999999991,6960
2026-07-15T14:00:00+00:00,666.7199999999991,678.789999999999,666.4499999999991,677.7199999999991,5955
2026-07-15T14:30:00+00:00,677.7199999999991,682.9599999999991,675.1999999999991,678.2099999999991,5404.212200386231
2026-07-15T15:00:00+00:00,678.2099999999991,691.919999999999,677.0199999999991,684.919999999999,5760
2026-07-15T15:30:00+00:00,684.919999999999,690.5699999999991,683.309999999999,690.3699999999991,3505
2026-07-15T16:00:00+00:00,690.3699999999991,692.8399999999991,686.6999999999991,689.9899999999991,3496
2026-07-15T16:30:00+00:00,689.9899999999991,690.5699999999991,681.3199999999991,682.7799999999991,3627
2026-07-15T17:00:00+00:00,682.7799999999991,683.2199999999991,680.3499999999991,681.549999999999,2392
2026-07-15T17:30:00+00:00,681.549999999999,683.8399999999991,680.3499999999991,683.669999999999,1886
2026-07-15T18:00:00+00:00,683.669999999999,685.0999999999991,681.2799999999991,684.2699999999991,1566
2026-07-15T18:30:00+00:00,684.2699999999991,684.3999999999991,680.3599999999991,682.929999999999,1477
2026-07-15T19:00:00+00:00,682.929999999999,685.2299999999991,682.7199999999991,683.1099999999991,1989
2026-07-15T19:30:00+00:00,683.1099999999991,688.9399999999991,682.5799999999991,688.3899999999991,3233
2026-07-16T13:30:00+00:00,688.3899999999991,688.3899999999991,673.3299999999991,677.8399999999991,7552
2026-07-16T14:00:00+00:00,677.8399999999991,684.289999999999,676.9799999999991,683.5199999999991,3751
2026-07-16T14:30:00+00:00,683.5199999999991,688.679999999999,683.1899999999991,687.2499999999991,3372
2026-07-16T15:00:00+00:00,687.2499999999991,687.5199999999991,681.289999999999,681.8399999999991,3147
2026-07-16T15:30:00+00:00,681.8399999999991,684.5199999999991,681.1899999999991,681.1999999999991,2968
2026-07-16T16:00:00+00:00,681.1999999999991,681.4099999999991,675.0299999999991,676.9999999999991,3028
2026-07-16T16:30:00+00:00,676.9999999999991,678.6999999999991,674.9799999999991,677.0299999999991,1950
2026-07-16T17:00:00+00:00,677.0299999999991,677.289999999999,675.2799999999991,676.5099999999991,1711
2026-07-16T17:30:00+00:00,676.5099999999991,677.039999999999,674.4799999999991,675.549999999999,1566
2026-07-16T18:00:00+00:00,675.549999999999,680.6999999999991,673.6399999999991,675.0999999999991,3915
2026-07-16T18:30:00+00:00,675.0999999999991,676.0799999999991,674.0799999999991,674.7199999999991,2173
2026-07-16T19:00:00+00:00,674.7199999999991,675.3399999999991,668.9899999999991,669.6899999999991,2301
2026-07-16T19:30:00+00:00,669.6899999999991,671.5099999999991,667.049999999999,671.2699999999991,3745
2026-07-17T13:30:00+00:00,671.2699999999991,671.2699999999991,643.4799999999991,648.5799999999991,7649
2026-07-17T14:00:00+00:00,648.5799999999991,648.8399999999991,638.9799999999991,640.9999999999991,4945
2026-07-17T14:30:00+00:00,640.9999999999991,643.1499999999991,632.899999999999,633.339999999999,3196.414317464031
2026-07-17T15:00:00+00:00,633.339999999999,637.379999999999,632.859999999999,636.459999999999,2663
2026-07-17T15:30:00+00:00,636.459999999999,639.5599999999989,635.069999999999,639.399999999999,2498
2026-07-17T16:00:00+00:00,639.399999999999,655.1899999999989,637.109999999999,650.079999999999,6313
2026-07-17T16:30:00+00:00,650.079999999999,657.0399999999989,644.859999999999,655.949999999999,4570
2026-07-17T17:00:00+00:00,655.949999999999,658.879999999999,653.5599999999989,658.619999999999,2916
2026-07-17T17:30:00+00:00,658.619999999999,658.769999999999,652.389999999999,656.159999999999,2072
2026-07-17T18:00:00+00:00,656.159999999999,656.7999999999989,652.329999999999,653.639999999999,1700
2026-07-17T18:30:00+00:00,653.639999999999,655.089999999999,652.149999999999,652.719999999999,1438
2026-07-17T19:00:00+00:00,652.719999999999,652.719999999999,647.969999999999,650.6899999999989,2115
2026-07-17T19:30:00+00:00,650.6899999999989,654.709999999999,648.109999999999,652.6899999999989,3557
2026-07-20T13:30:00+00:00,652.6899999999989,653.5499999999989,642.959999999999,643.869999999999,5189
2026-07-20T14:00:00+00:00,643.869999999999,652.089999999999,642.959999999999,648.609999999999,2150
2026-07-20T14:30:00+00:00,648.609999999999,652.6899999999989,648.589999999999,651.7899999999989,1560
2026-07-20T15:00:00+00:00,651.7899999999989,655.6899999999989,650.9399999999989,654.509999999999,1866
2026-07-20T15:30:00+00:00,654.509999999999,656.369999999999,653.499999999999,653.989999999999,1683
2026-07-20T16:00:00+00:00,653.989999999999,658.869999999999,653.609999999999,658.869999999999,1370
2026-07-20T16:30:00+00:00,658.869999999999,659.839999999999,656.879999999999,658.5399999999989,2002
2026-07-20T17:00:00+00:00,658.5399999999989,658.5599999999989,654.9299999999989,656.4399999999989,1306
2026-07-20T17:30:00+00:00,656.4399999999989,656.619999999999,654.209999999999,654.6699999999989,1286
2026-07-20T18:00:00+00:00,654.6699999999989,656.479999999999,654.219999999999,655.089999999999,1179
2026-07-20T18:30:00+00:00,655.089999999999,655.6899999999989,652.5499999999989,655.099999999999,1410
2026-07-20T19:00:00+00:00,655.099999999999,656.489999999999,654.229999999999,655.489999999999,1486
2026-07-20T19:30:00+00:00,655.489999999999,657.849999999999,651.869999999999,652.5399999999989,2696
2026-07-21T13:30:00+00:00,652.5399999999989,661.879999999999,649.909999999999,654.869999999999,4539
2026-07-21T14:00:00+00:00,654.869999999999,656.589999999999,651.659999999999,653.259999999999,2345
2026-07-21T14:30:00+00:00,653.259999999999,656.239999999999,652.769999999999,654.229999999999,2184
2026-07-21T15:00:00+00:00,654.229999999999,654.969999999999,652.359999999999,654.639999999999,1965
2026-07-21T15:30:00+00:00,654.639999999999,655.5399999999989,654.109999999999,654.109999999999,1215
2026-07-21T16:00:00+00:00,654.109999999999,654.769999999999,652.779999999999,654.0499999999989,1204
2026-07-21T16:30:00+00:00,654.0499999999989,657.339999999999,653.379999999999,654.7999999999989,1338
2026-07-21T17:00:00+00:00,654.7999999999989,655.2999999999989,652.019999999999,653.4299999999989,1430
2026-07-21T17:30:00+00:00,653.4299999999989,655.489999999999,651.449999999999,654.0599999999989,1306
2026-07-21T18:00:00+00:00,654.0599999999989,654.389999999999,653.019999999999,654.2899999999989,1168
2026-07-21T18:30:00+00:00,654.2899999999989,654.509999999999,652.859999999999,653.5499999999989,875
2026-07-21T19:00:00+00:00,653.5499999999989,656.6899999999989,653.119999999999,655.839999999999,907
2026-07-21T19:30:00+00:00,655.839999999999,656.569999999999,650.109999999999,650.399999999999,2048
2026-07-22T13:30:00+00:00,650.399999999999,653.649999999999,637.139999999999,639.409999999999,4048
2026-07-22T14:00:00+00:00,639.409999999999,643.199999999999,634.889999999999,636.5599999999989,2843
2026-07-22T14:30:00+00:00,636.5599999999989,638.239999999999,635.739999999999,636.419999999999,1663.0627177700349
2026-07-22T15:00:00+00:00,636.419999999999,636.5299999999991,634.709999999999,636.309999999999,1371
2026-07-22T15:30:00+00:00,636.309999999999,637.7599999999991,635.329999999999,635.6599999999991,1511
2026-07-22T16:00:00+00:00,635.6599999999991,637.1599999999991,635.0299999999991,636.069999999999,1016
2026-07-22T16:30:00+00:00,636.069999999999,636.8899999999991,635.0099999999991,636.8799999999991,769
2026-07-22T17:00:00+00:00,636.8799999999991,637.5299999999991,635.0099999999991,635.0299999999991,968
2026-07-22T17:30:00+00:00,635.0299999999991,635.089999999999,631.919999999999,632.2699999999991,960
2026-07-22T18:00:00+00:00,632.2699999999991,633.729999999999,632.0099999999991,633.449999999999,921
2026-07-22T18:30:00+00:00,633.449999999999,633.449999999999,632.4099999999991,633.189999999999,856
2026-07-22T19:00:00+00:00,633.189999999999,634.7699999999991,632.809999999999,633.9999999999991,1094
2026-07-22T19:30:00+00:00,633.9999999999991,635.7499999999991,630.9099999999991,634.1199999999991,2630
2026-07-23T13:30:00+00:00,634.1199999999991,634.1199999999991,612.239999999999,617.429999999999,5101
2026-07-23T14:00:00+00:00,617.429999999999,617.689999999999,611.2599999999991,614.359999999999,2630
2026-07-23T14:30:00+00:00,614.359999999999,614.609999999999,608.939999999999,608.939999999999,2563
2026-07-23T15:00:00+00:00,608.939999999999,609.309999999999,605.089999999999,605.919999999999,2211
2026-07-23T15:30:00+00:00,605.919999999999,609.0199999999991,604.069999999999,608.419999999999,1821
2026-07-23T16:00:00+00:00,608.419999999999,611.5099999999991,607.929999999999,610.969999999999,1530
2026-07-23T16:30:00+00:00,610.969999999999,612.969999999999,608.089999999999,612.089999999999,1935
2026-07-23T17:00:00+00:00,612.089999999999,613.959999999999,611.2699999999991,612.7599999999991,1382
2026-07-23T17:30:00+00:00,612.7599999999991,614.539999999999,610.9099999999991,613.189999999999,1455
2026-07-23T18:00:00+00:00,613.189999999999,613.7499999999991,612.1599999999991,612.8899999999991,1000
2026-07-23T18:30:00+00:00,612.8899999999991,614.479999999999,611.9099999999991,613.039999999999,1011
2026-07-23T19:00:00+00:00,613.039999999999,614.979999999999,611.539999999999,614.189999999999,1289
2026-07-23T19:30:00+00:00,614.189999999999,614.489999999999,609.919999999999,612.599999999999,2668
2026-07-24T13:30:00+00:00,612.599999999999,613.839999999999,608.359999999999,608.5099999999991,4719
2026-07-24T14:00:00+00:00,608.5099999999991,613.179999999999,607.449999999999,611.479999999999,3485
2026-07-24T14:30:00+00:00,611.479999999999,613.609999999999,610.449999999999,613.589999999999,2320
2026-07-24T15:00:00+00:00,613.589999999999,616.179999999999,612.0299999999991,615.5199999999991,2963
2026-07-24T15:30:00+00:00,615.5199999999991,616.699999999999,611.6199999999991,612.309999999999,1880
2026-07-24T16:00:00+00:00,612.309999999999,612.6399999999991,609.9099999999991,609.9099999999991,1228
2026-07-24T16:30:00+00:00,609.9099999999991,610.699999999999,606.949999999999,607.429999999999,1427
2026-07-24T17:00:00+00:00,607.429999999999,610.699999999999,607.4099999999991,609.849999999999,1289
2026-07-24T17:30:00+00:00,609.849999999999,610.5199999999991,605.9099999999991,608.6299999999991,1092
2026-07-24T18:00:00+00:00,608.6299999999991,609.719999999999,607.9099999999991,608.1299999999991,1048
2026-07-24T18:30:00+00:00,608.1299999999991,608.469999999999,605.9099999999991,606.679999999999,1571
2026-07-24T19:00:00+00:00,606.679999999999,608.1299999999991,606.6599999999991,606.949999999999,1386
2026-07-24T19:30:00+00:00,606.949999999999,607.919999999999,600.959999999999,602.2699999999991,2389
2026-07-27T13:30:00+00:00,602.2699999999991,617.219999999999,602.2699999999991,612.059999999999,4931
2026-07-27T14:00:00+00:00,612.059999999999,616.239999999999,610.919999999999,611.959999999999,3307
2026-07-27T14:30:00+00:00,611.959999999999,612.3999999999991,605.9099999999991,609.7599999999991,3643
2026-07-27T15:00:00+00:00,609.7599999999991,613.819999999999,608.919999999999,612.319999999999,3016
2026-07-27T15:30:00+00:00,612.319999999999,612.459999999999,607.709999999999,607.799999999999,1835
2026-07-27T16:00:00+00:00,607.799999999999,608.479999999999,604.1199999999991,605.929999999999,2129
2026-07-27T16:30:00+00:00,605.929999999999,607.1299999999991,603.9099999999991,604.349999999999,1538
2026-07-27T17:00:00+00:00,604.349999999999,604.6299999999991,603.0299999999991,603.6299999999991,1014
2026-07-27T17:30:00+00:00,603.6299999999991,604.1499999999991,601.309999999999,601.679999999999,1048
2026-07-27T18:00:00+00:00,601.679999999999,601.679999999999,599.969999999999,600.869999999999,1206.160813279442
2026-07-27T18:30:00+00:00,600.869999999999,604.249999999999,600.159999999999,603.279999999999,1139
2026-07-27T19:00:00+00:00,603.279999999999,603.279999999999,601.7899999999989,601.9899999999989,959
2026-07-27T19:30:00+00:00,601.9899999999989,602.7899999999989,599.4199999999989,600.369999999999,1665
2026-07-28T13:30:00+00:00,600.369999999999,606.6099999999989,597.4199999999989,599.269999999999,7371
2026-07-28T14:00:00+00:00,599.269999999999,601.2299999999989,597.769999999999,600.7299999999989,4614
2026-07-28T14:30:00+00:00,600.7299999999989,600.8599999999989,595.749999999999,595.8499999999989,2948
2026-07-28T15:00:00+00:00,595.8499999999989,601.0699999999989,593.409999999999,599.8599999999989,2999
2026-07-28T15:30:00+00:00,599.8599999999989,601.8399999999989,599.5899999999989,601.5999999999989,2022
2026-07-28T16:00:00+00:00,601.5999999999989,604.3199999999989,601.1699999999989,602.659999999999,1824
2026-07-28T16:30:00+00:00,602.659999999999,603.2399999999989,600.269999999999,600.629999999999,1759
2026-07-28T17:00:00+00:00,600.629999999999,600.629999999999,598.4399999999989,599.909999999999,2081
2026-07-28T17:30:00+00:00,599.909999999999,601.159999999999,598.7399999999989,600.519999999999,1768
2026-07-28T18:00:00+00:00,600.519999999999,601.1999999999989,599.409999999999,600.6899999999989,1682
2026-07-28T18:30:00+00:00,600.6899999999989,600.879999999999,598.2099999999989,600.7099999999989,1647
2026-07-28T19:00:00+00:00,600.7099999999989,601.5699999999989,599.4299999999989,599.7199999999989,1354
2026-07-28T19:30:00+00:00,599.7199999999989,600.769999999999,598.9199999999989,600.2399999999989,2334
2026-07-29T13:30:00+00:00,600.2399999999989,600.7199999999989,593.4399999999989,595.659999999999,4066
2026-07-29T14:00:00+00:00,595.659999999999,597.6799999999989,592.7399999999989,593.8199999999989,2802
2026-07-29T14:30:00+00:00,593.8199999999989,597.129999999999,593.8199999999989,594.9199999999989,2005
2026-07-29T15:00:00+00:00,594.9199999999989,599.269999999999,594.4899999999989,597.509999999999,2210
2026-07-29T15:30:00+00:00,597.509999999999,598.5699999999989,591.619999999999,592.9899999999989,1784
2026-07-29T16:00:00+00:00,592.9899999999989,597.3399999999989,591.619999999999,597.019999999999,1725
2026-07-29T16:30:00+00:00,597.019999999999,599.5999999999989,595.9499999999989,599.129999999999,1370
2026-07-29T17:00:00+00:00,599.129999999999,601.4399999999989,598.759999999999,599.3299999999989,1545
2026-07-29T17:30:00+00:00,599.3299999999989,600.3099999999989,598.409999999999,599.4299999999989,1299
2026-07-29T18:00:00+00:00,599.4299999999989,604.3499999999989,599.269999999999,599.7199999999989,1838
2026-07-29T18:30:00+00:00,599.7199999999989,606.1099999999989,599.4199999999989,604.029999999999,2610
2026-07-29T19:00:00+00:00,604.029999999999,604.3399999999989,594.519999999999,595.379999999999,2658
2026-07-29T19:30:00+00:00,595.379999999999,596.4299999999989,588.639999999999,593.2999999999989,4392
2026-07-30T13:30:00+00:00,593.2999999999989,593.2999999999989,531.2099999999989,538.4899999999989,7630
2026-07-30T14:00:00+00:00,538.4899999999989,541.0399999999989,533.909999999999,537.5999999999989,6037
2026-07-30T14:30:00+00:00,537.5999999999989,542.2299999999989,536.0699999999989,540.2299999999989,4980
2026-07-30T15:00:00+00:00,540.2299999999989,545.139999999999,538.4299999999989,539.139999999999,4003
2026-07-30T15:30:00+00:00,539.139999999999,541.1099999999989,538.4899999999989,538.519999999999,3000
2026-07-30T16:00:00+00:00,538.519999999999,543.2299999999989,537.6799999999989,537.7899999999989,4118
2026-07-30T16:30:00+00:00,537.7899999999989,538.0799999999989,536.159999999999,537.159999999999,2825
2026-07-30T17:00:00+00:00,537.159999999999,539.5999999999989,536.779999999999,539.0699999999989,2260
2026-07-30T17:30:00+00:00,539.0699999999989,541.2999999999989,537.9299999999989,539.0599999999989,2144
2026-07-30T18:00:00+00:00,539.0599999999989,540.4399999999989,538.029999999999,539.3199999999989,2229
2026-07-30T18:30:00+00:00,539.3199999999989,541.2099999999989,538.409999999999,540.909999999999,1969
2026-07-30T19:00:00+00:00,540.909999999999,542.2299999999989,538.4299999999989,540.7399999999989,1801
2026-07-30T19:30:00+00:00,540.7399999999989,546.249999999999,539.519999999999,545.0899999999989,2889
2026-07-31T13:30:00+00:00,545.0899999999989,564.0999999999989,545.0899999999989,552.5699999999989,5498
2026-07-31T14:00:00+00:00,552.5699999999989,557.0799999999989,549.159999999999,553.509999999999,4347
2026-07-31T14:30:00+00:00,553.509999999999,558.639999999999,550.409999999999,557.409999999999,2885
2026-07-31T15:00:00+00:00,557.409999999999,559.3399999999989,547.1899999999989,547.1999999999989,3158
2026-07-31T15:30:00+00:00,547.1999999999989,553.2199999999989,546.629999999999,552.2199999999989,2465
2026-07-31T16:00:00+00:00,552.2199999999989,555.9199999999989,551.7899999999989,555.529999999999,2171
2026-07-31T16:30:00+00:00,555.529999999999,558.3399999999989,554.909999999999,554.9199999999989,2324
2026-07-31T17:00:00+00:00,554.9199999999989,556.149999999999,552.759999999999,555.629999999999,2034
2026-07-31T17:30:00+00:00,555.629999999999,556.2999999999989,554.2099999999989,555.0799999999989,1993
2026-07-31T18:00:00+00:00,555.0799999999989,557.9799999999989,553.7199999999989,556.4299999999989,2419
2026-07-31T18:30:00+00:00,556.4299999999989,557.909999999999,555.5899999999989,556.9799999999989,1869
2026-07-31T19:00:00+00:00,556.9799999999989,560.0599999999989,556.7299999999989,558.9299999999989,1949
2026-07-31T19:30:00+00:00,558.9299999999989,564.5899999999989,557.4299999999989,563.2999999999989,3462
2026-08-03T13:30:00+00:00,563.2999999999989,599.9899999999989,563.2999999999989,596.5499999999989,6716
2026-08-03T14:00:00+00:00,596.5499999999989,600.769999999999,592.869999999999,593.139999999999,4894
2026-08-03T14:30:00+00:00,593.139999999999,595.2399999999989,588.999999999999,594.5699999999989,3128
2026-08-03T15:00:00+00:00,594.5699999999989,600.889999999999,594.5699999999989,600.5399999999989,2338
2026-08-03T15:30:00+00:00,600.5399999999989,601.1699999999989,598.4799999999989,598.8199999999989,2196
2026-08-03T16:00:00+00:00,598.8199999999989,603.139999999999,597.6099999999989,601.8599999999989,1951
2026-08-03T16:30:00+00:00,601.8599999999989,603.769999999999,599.4499999999989,599.5499999999989,1960
2026-08-03T17:00:00+00:00,599.5499999999989,600.7299999999989,597.0699999999989,600.009999999999,1745
2026-08-03T17:30:00+00:00,600.009999999999,600.009999999999,596.0999999999989,596.6699999999989,1485
2026-08-03T18:00:00+00:00,596.6699999999989,598.0799999999989,595.4199999999989,596.8499999999989,1566
2026-08-03T18:30:00+00:00,596.8499999999989,600.3399999999989,596.1099999999989,599.8099999999989,1789
2026-08-03T19:00:00+00:00,599.8099999999989,600.4799999999989,598.509999999999,599.759999999999,1683
2026-08-03T19:30:00+00:00,599.759999999999,600.4399999999989,595.5799999999989,597.0899999999989,2586
2026-08-04T13:30:00+00:00,597.0899999999989,597.0899999999989,585.7299999999989,591.3499999999989,4310
2026-08-04T14:00:00+00:00,591.3499999999989,591.909999999999,587.7899999999989,589.6099999999989,2610
2026-08-04T14:30:00+00:00,589.6099999999989,591.019999999999,587.5999999999989,587.7099999999989,2258
2026-08-04T15:00:00+00:00,587.7099999999989,590.3099999999989,587.4299999999989,589.4499999999989,1621
2026-08-04T15:30:00+00:00,589.4499999999989,590.5999999999989,588.409999999999,589.9599999999989,1605
2026-08-04T16:00:00+00:00,589.9599999999989,590.529999999999,587.7299999999989,587.769999999999,1268
2026-08-04T16:30:00+00:00,587.769999999999,588.389999999999,584.639999999999,587.009999999999,1701
2026-08-04T17:00:00+00:00,587.009999999999,595.0599999999989,587.009999999999,594.779999999999,1990
2026-08-04T17:30:00+00:00,594.779999999999,595.9899999999989,593.749999999999,593.8399999999989,1690
2026-08-04T18:00:00+00:00,593.8399999999989,596.009999999999,593.409999999999,595.499999999999,1383
2026-08-04T18:30:00+00:00,595.499999999999,596.1899999999989,594.529999999999,594.629999999999,1165
2026-08-04T19:00:00+00:00,594.629999999999,597.149999999999,594.4899999999989,596.759999999999,1621
2026-08-04T19:30:00+00:00,596.759999999999,599.1099999999989,593.409999999999,594.2399999999989,2875
2026-08-05T13:30:00+00:00,594.2399999999989,607.139999999999,594.2399999999989,600.899999999999,4935
2026-08-05T14:00:00+00:00,600.899999999999,602.6999999999989,597.509999999999,598.2099999999989,2924
2026-08-05T14:30:00+00:00,598.2099999999989,599.3099999999989,596.409999999999,597.1599999999988,2465.565558754253
2026-08-05T15:00:00+00:00,597.1599999999988,598.7599999999987,592.3699999999988,592.3799999999987,2415
2026-08-05T15:30:00+00:00,592.3799999999987,593.6299999999987,588.4399999999988,588.4599999999988,2052
2026-08-05T16:00:00+00:00,588.4599999999988,591.4799999999988,586.5399999999988,589.3299999999988,2709
2026-08-05T16:30:00+00:00,589.3299999999988,591.7999999999988,587.4299999999988,591.4999999999987,2065
2026-08-05T17:00:00+00:00,591.4999999999987,591.4999999999987,589.6799999999988,590.0099999999987,1312
2026-08-05T17:30:00+00:00,590.0099999999987,590.4699999999988,588.9299999999988,589.6899999999988,1167
2026-08-05T18:00:00+00:00,589.6899999999988,590.5599999999988,589.1399999999988,589.2999999999988,1124
2026-08-05T18:30:00+00:00,589.2999999999988,590.2699999999988,588.6799999999988,588.6799999999988,1150
2026-08-05T19:00:00+00:00,588.6799999999988,595.1499999999988,586.6499999999988,594.8499999999988,2843
2026-08-05T19:30:00+00:00,594.8499999999988,596.5699999999988,592.6399999999988,595.7299999999988,2935
2026-08-06T13:30:00+00:00,595.7299999999988,601.8099999999987,592.5299999999987,599.9099999999987,4392
2026-08-06T14:00:00+00:00,599.9099999999987,600.2499999999987,594.8799999999987,596.4799999999988,2866
2026-08-06T14:30:00+00:00,596.4799999999988,600.7899999999987,595.8899999999987,599.5399999999987,1848
2026-08-06T15:00:00+00:00,599.5399999999987,599.5599999999987,595.4799999999988,596.3899999999987,1347
2026-08-06T15:30:00+00:00,596.3899999999987,596.6799999999987,594.0199999999987,594.7099999999988,1343
2026-08-06T16:00:00+00:00,594.7099999999988,596.7399999999988,594.0399999999987,596.1799999999987,1371
2026-08-06T16:30:00+00:00,596.1799999999987,597.4699999999988,594.9699999999988,596.4299999999987,1520
2026-08-06T17:00:00+00:00,596.4299999999987,597.8499999999988,594.6799999999987,594.6799999999987,1300
2026-08-06T17:30:00+00:00,594.6799999999987,596.4199999999987,594.0699999999987,596.2199999999988,1021
2026-08-06T18:00:00+00:00,596.2199999999988,597.1499999999987,594.8699999999988,596.9499999999987,1205
2026-08-06T18:30:00+00:00,596.9499999999987,598.1299999999987,595.8699999999988,596.4499999999987,1138
2026-08-06T19:00:00+00:00,596.4499999999987,597.7999999999987,595.9599999999988,595.9599999999988,1275
2026-08-06T19:30:00+00:00,595.9599999999988,596.9499999999987,594.1299999999987,596.7199999999988,1886
2026-08-07T13:30:00+00:00,596.7199999999988,603.5699999999987,591.4799999999988,595.8799999999987,3980
2026-08-07T14:00:00+00:00,595.8799999999987,600.8399999999988,595.2199999999988,599.5099999999987,3071
2026-08-07T14:30:00+00:00,599.5099999999987,605.5399999999987,598.8699999999988,605.1599999999987,2328
2026-08-07T15:00:00+00:00,605.1599999999987,605.3899999999987,602.4799999999988,602.9799999999988,1419
2026-08-07T15:30:00+00:00,602.9799999999988,603.5099999999987,601.2799999999987,601.4799999999988,1409
2026-08-07T16:00:00+00:00,601.4799999999988,601.7299999999988,599.3799999999987,599.8699999999988,1266
2026-08-07T16:30:00+00:00,599.8699999999988,601.2899999999987,599.0699999999987,599.1899999999987,1179
2026-08-07T17:00:00+00:00,599.1899999999987,599.5499999999987,597.6699999999987,598.4299999999987,1237
2026-08-07T17:30:00+00:00,598.4299999999987,599.4499999999987,597.9099999999987,599.0999999999988,1064
2026-08-07T18:00:00+00:00,599.0999999999988,599.4899999999988,598.4899999999988,599.0099999999987,849
2026-08-07T18:30:00+00:00,599.0099999999987,599.1299999999987,596.8899999999986,598.1499999999986,973
2026-08-07T19:00:00+00:00,598.1499999999986,600.3299999999987,597.8399999999987,599.3199999999987,1242
2026-08-07T19:30:00+00:00,599.3199999999987,602.2399999999986,597.8399999999987,599.2299999999987,2218
2026-08-10T13:30:00+00:00,599.2299999999987,611.1399999999986,599.2299999999987,603.4099999999986,4446
2026-08-10T14:00:00+00:00,603.4099999999986,610.3799999999986,601.8399999999987,610.3399999999987,3413
2026-08-10T14:30:00+00:00,610.3399999999987,614.9499999999987,608.8399999999987,609.4699999999987,4067
2026-08-10T15:00:00+00:00,609.4699999999987,609.7199999999987,605.1399999999986,605.9799999999987,1794
2026-08-10T15:30:00+00:00,605.9799999999987,607.0999999999987,605.1399999999986,606.4399999999987,1349
2026-08-10T16:00:00+00:00,606.4399999999987,606.9699999999987,603.3399999999987,603.9699999999987,1869
2026-08-10T16:30:00+00:00,603.9699999999987,604.0999999999987,599.1199999999986,600.6499999999986,2123
2026-08-10T17:00:00+00:00,600.6499999999986,601.4599999999987,599.3399999999987,601.4199999999986,1198
2026-08-10T17:30:00+00:00,601.4199999999986,601.6399999999986,599.5899999999987,600.3599999999986,1490
2026-08-10T18:00:00+00:00,600.3599999999986,600.6499999999986,599.4899999999986,599.6199999999986,1242
2026-08-10T18:30:00+00:00,599.6199999999986,601.9299999999987,599.3499999999987,601.5299999999986,1216
2026-08-10T19:00:00+00:00,601.5299999999986,601.9499999999987,598.8499999999987,599.1499999999986,1178
2026-08-10T19:30:00+00:00,599.1499999999986,602.2599999999986,598.9999999999986,601.6399999999986,2359
2026-08-11T13:30:00+00:00,601.6399999999986,610.0599999999987,600.2399999999986,609.3599999999986,3867
2026-08-11T14:00:00+00:00,609.3599999999986,619.0499999999987,609.3599999999986,615.6099999999986,4100
2026-08-11T14:30:00+00:00,615.6099999999986,618.1499999999986,615.0399999999986,616.4399999999987,2221
2026-08-11T15:00:00+00:00,616.4399999999987,617.6799999999987,612.9599999999987,616.2999999999987,2254
2026-08-11T15:30:00+00:00,616.2999999999987,616.3699999999986,611.5499999999987,611.9799999999987,1419
2026-08-11T16:00:00+00:00,611.9799999999987,613.5699999999987,610.5699999999987,611.4099999999986,1121
2026-08-11T16:30:00+00:00,611.4099999999986,611.4099999999986,609.9699999999987,610.4799999999987,936
2026-08-11T17:00:00+00:00,610.4799999999987,611.2799999999986,609.6699999999986,611.0999999999987,917
2026-08-11T17:30:00+00:00,611.0999999999987,612.4899999999986,610.9199999999986,611.0599999999987,804
2026-08-11T18:00:00+00:00,611.0599999999987,611.6099999999986,609.3399999999987,609.4399999999987,904
2026-08-11T18:30:00+00:00,609.4399999999987,610.3399999999987,609.3399999999987,609.3799999999986,952
2026-08-11T19:00:00+00:00,609.3799999999986,609.6599999999986,607.1399999999986,608.1599999999986,1355
2026-08-11T19:30:00+00:00,608.1599999999986,609.2699999999986,604.8599999999986,605.8799999999986,2124
2026-08-12T13:30:00+00:00,605.8799999999986,610.6399999999986,595.9999999999986,596.8399999999987,4190
2026-08-12T14:00:00+00:00,596.8399999999987,597.3599999999986,592.9499999999987,594.3599999999986,2701
2026-08-12T14:30:00+00:00,594.3599999999986,594.6099999999986,590.8999999999986,592.5899999999986,2349.0242993234847
2026-08-12T15:00:00+00:00,592.5899999999986,593.4599999999986,590.3599999999985,590.8999999999985,1661
2026-08-12T15:30:00+00:00,590.8999999999985,591.0099999999985,587.9799999999985,588.0299999999985,1988
2026-08-12T16:00:00+00:00,588.0299999999985,589.3499999999985,587.5599999999986,589.0499999999985,1747
2026-08-12T16:30:00+00:00,589.0499999999985,589.7399999999985,587.9299999999985,588.7599999999985,1722
2026-08-12T17:00:00+00:00,588.7599999999985,589.2599999999985,588.0999999999985,588.4099999999985,1420
2026-08-12T17:30:00+00:00,588.4099999999985,588.7199999999985,585.0499999999985,585.5599999999986,1922
2026-08-12T18:00:00+00:00,585.5599999999986,588.1099999999985,585.3499999999985,588.0699999999986,1604
2026-08-12T18:30:00+00:00,588.0699999999986,590.4399999999986,586.2499999999985,586.5899999999986,1850
2026-08-12T19:00:00+00:00,586.5899999999986,587.9299999999985,585.8499999999985,587.3099999999986,1553
2026-08-12T19:30:00+00:00,587.3099999999986,588.9399999999986,584.8999999999985,585.7799999999985,2415
2026-08-13T13:30:00+00:00,585.7799999999985,596.4999999999985,585.7799999999985,594.8799999999985,3577
2026-08-13T14:00:00+00:00,594.8799999999985,597.2699999999985,594.0999999999985,594.5599999999986,1734
2026-08-13T14:30:00+00:00,594.5599999999986,597.6099999999985,594.4999999999985,597.5499999999985,1477
2026-08-13T15:00:00+00:00,597.5499999999985,597.7999999999985,592.4199999999985,592.8999999999985,1476
2026-08-13T15:30:00+00:00,592.8999999999985,593.6199999999985,591.5999999999985,593.1899999999986,1302
2026-08-13T16:00:00+00:00,593.1899999999986,593.9999999999985,591.9599999999986,593.8199999999986,1246
2026-08-13T16:30:00+00:00,593.8199999999986,595.4999999999985,593.5499999999985,594.6099999999985,999
2026-08-13T17:00:00+00:00,594.6099999999985,595.9999999999985,594.5199999999985,595.1099999999985,980
2026-08-13T17:30:00+00:00,595.1099999999985,596.2699999999985,594.3599999999985,595.1899999999986,721
2026-08-13T18:00:00+00:00,595.1899999999986,597.0699999999986,594.8499999999985,596.4699999999985,879
2026-08-13T18:30:00+00:00,596.4699999999985,600.0099999999985,595.9799999999985,599.4999999999985,977
2026-08-13T19:00:00+00:00,599.4999999999985,602.2699999999985,598.8499999999985,601.9899999999985,1419
2026-08-13T19:30:00+00:00,601.9899999999985,602.6199999999985,600.1499999999985,601.7399999999985,1942
2026-08-14T13:30:00+00:00,601.7399999999985,608.1899999999986,601.3499999999985,604.1899999999986,3391
2026-08-14T14:00:00+00:00,604.1899999999986,606.6899999999986,602.2199999999985,602.5699999999986,2243
2026-08-14T14:30:00+00:00,602.5699999999986,603.5299999999985,599.8299999999984,599.9499999999985,1734.28984660336
2026-08-14T15:00:00+00:00,599.9499999999985,601.1099999999984,598.5199999999984,599.5399999999984,1757
2026-08-14T15:30:00+00:00,599.5399999999984,601.8599999999984,599.5199999999984,601.3199999999985,1271
2026-08-14T16:00:00+00:00,601.3199999999985,601.4199999999984,598.5199999999984,599.0399999999984,1229
2026-08-14T16:30:00+00:00,599.0399999999984,599.2499999999984,597.6699999999984,598.4499999999985,1167
2026-08-14T17:00:00+00:00,598.4499999999985,599.2399999999984,597.8599999999984,598.1099999999984,765
2026-08-14T17:30:00+00:00,598.1099999999984,598.4599999999984,597.4999999999984,598.2699999999984,820
2026-08-14T18:00:00+00:00,598.2699999999984,598.7599999999984,597.9099999999984,598.1499999999984,811
2026-08-14T18:30:00+00:00,598.1499999999984,598.7999999999984,597.7999999999984,598.5299999999984,755
2026-08-14T19:00:00+00:00,598.5299999999984,598.6499999999984,597.4399999999985,598.0199999999984,853
2026-08-14T19:30:00+00:00,598.0199999999984,598.4899999999984,595.8599999999984,596.4799999999984,1818
2026-08-17T13:30:00+00:00,589.36,589.45,577.83,579.54,3510
2026-08-17T14:00:00+00:00,579.54,580.45,577.43,577.74,2410
2026-08-17T14:30:00+00:00,577.74,577.75,572.97,573.84,2641
2026-08-17T15:00:00+00:00,573.84,574.75,572.58,574.63,1691
2026-08-17T15:30:00+00:00,574.63,574.76,572.54,573.47,1576
2026-08-17T16:00:00+00:00,573.47,573.47,568.77,569.25,2383
2026-08-17T16:30:00+00:00,569.25,569.41,566.33,568.59,2429
2026-08-17T17:00:00+00:00,568.59,568.59,565.89,566.15,2048
2026-08-17T17:30:00+00:00,566.15,566.55,564.46,565.24,2337
2026-08-17T18:00:00+00:00,565.24,567.47,565.23,566.88,1918
2026-08-17T18:30:00+00:00,566.88,567.5,566.53,566.85,1248
2026-08-17T19:00:00+00:00,566.85,569.68,566.53,569.03,1728
2026-08-17T19:30:00+00:00,569.03,569.28,567.4,568.84,3448
2026-08-18T13:30:00+00:00,568.84,568.84,546.34,547.47,4843
2026-08-18T14:00:00+00:00,547.47,549.33,546.42,547.55,3441
2026-08-18T14:30:00+00:00,547.55,549.73,545.18,549.23,2667
2026-08-18T15:00:00+00:00,549.23,553.11,549.23,551.87,2515
2026-08-18T15:30:00+00:00,551.87,555.3,550.99,554.18,2262
2026-08-18T16:00:00+00:00,554.18,554.97,551.41,551.41,2053
2026-08-18T16:30:00+00:00,551.41,551.64,549.88,550.1,2080
2026-08-18T17:00:00+00:00,550.1,551,548.03,548.6,2158
2026-08-18T17:30:00+00:00,548.6,548.84,546.08,546.94,2032
2026-08-18T18:00:00+00:00,546.94,549.04,546.51,546.92,1844
2026-08-18T18:30:00+00:00,546.92,547.09,544.78,544.92,1852
2026-08-18T19:00:00+00:00,544.92,545.25,543.63,544.81,2074
2026-08-18T19:30:00+00:00,544.81,545.95,542.93,543.52,3284
2026-08-19T13:30:00+00:00,543.52,545.96,537.01,544.43,4965
2026-08-19T14:00:00+00:00,544.43,547.7,543.94,546.88,3121
2026-08-19T14:30:00+00:00,546.88,556.4499999999985,546.43,555.8299999999984,2215.510520657349
2026-08-19T15:00:00+00:00,548.62,550.28,546.61,549.77,2002
2026-08-19T15:30:00+00:00,549.77,553.08,549.74,551.69,1685
2026-08-19T16:00:00+00:00,551.69,553.71,551.34,551.98,1535
2026-08-19T16:30:00+00:00,551.98,552.77,550.77,552.6,1269
2026-08-19T17:00:00+00:00,552.6,553.26,551.33,552.9,1369
2026-08-19T17:30:00+00:00,552.9,553.1,551.33,551.75,1014
2026-08-19T18:00:00+00:00,551.75,552.58,549.23,549.75,1530
2026-08-19T18:30:00+00:00,549.75,551.26,549.28,550.95,1390
2026-08-19T19:00:00+00:00,550.95,551.54,547.88,548.16,1433
2026-08-19T19:30:00+00:00,548.16,548.27,544.77,546.16,2798
2026-08-20T13:30:00+00:00,546.16,549.36,543.33,547.14,3864
2026-08-20T14:00:00+00:00,547.14,547.15,542.83,544.04,2816
2026-08-20T14:30:00+00:00,544.04,546.77,543.74,544.58,2010
2026-08-20T15:00:00+00:00,544.58,544.98,541.61,543.54,2763
2026-08-20T15:30:00+00:00,543.54,543.67,541.95,542.33,1965
2026-08-20T16:00:00+00:00,542.33,543.11,541.31,542.82,1486
2026-08-20T16:30:00+00:00,542.82,545.45,542.73,542.99,1318
2026-08-20T17:00:00+00:00,542.99,543.42,541.03,541.84,1384
2026-08-20T17:30:00+00:00,541.84,542.95,539.96,540.18,1650
2026-08-20T18:00:00+00:00,540.18,540.65,539.06,540.61,1717
2026-08-20T18:30:00+00:00,540.61,540.79,539.93,539.95,1667
2026-08-20T19:00:00+00:00,539.95,542.51,539.93,542.23,1629
2026-08-20T19:30:00+00:00,542.23,547.49,542.21,545.62,2712
2026-08-21T13:30:00+00:00,545.62,552.25,542.74,549.45,3365
2026-08-21T14:00:00+00:00,549.45,551.37,548.73,549.05,2041
2026-08-21T14:30:00+00:00,549.05,559.5799999999984,548.93,559.3299999999984,1843
2026-08-21T15:00:00+00:00,552.12,553.52,548.54,549.24,1886
2026-08-21T15:30:00+00:00,549.24,550.38,547.59,549.5,1370
2026-08-21T16:00:00+00:00,549.5,550.71,548.61,550.25,1294
2026-08-21T16:30:00+00:00,550.25,552.76,549.88,551.74,1445
2026-08-21T17:00:00+00:00,551.74,553.16,551.73,551.76,1340
2026-08-21T17:30:00+00:00,551.76,551.89,549.04,549.34,1502
2026-08-21T18:00:00+00:00,549.34,549.59,548.65,548.75,1337
2026-08-21T18:30:00+00:00,548.75,551.28,548.62,550.85,1254
2026-08-21T19:00:00+00:00,550.85,551.02,548.93,550.28,1368
2026-08-21T19:30:00+00:00,550.28,550.8,548.74,549.6,1961
2026-08-24T13:30:00+00:00,549.6,553.01,546.05,551.27,4033
2026-08-24T14:00:00+00:00,551.27,553.88,549.73,551.46,2363
2026-08-24T14:30:00+00:00,551.46,553.64,549.24,552.75,1940
2026-08-24T15:00:00+00:00,552.75,556.21,551.75,555.79,1722
2026-08-24T15:30:00+00:00,555.79,557.08,554.43,555.02,1678
2026-08-24T16:00:00+00:00,555.02,556.27,554.58,554.96,1295
2026-08-24T16:30:00+00:00,554.96,557.75,554.43,557.44,1630
2026-08-24T17:00:00+00:00,557.44,558.67,556.54,557.38,2056
2026-08-24T17:30:00+00:00,557.38,558.41,555.73,555.78,1338
2026-08-24T18:00:00+00:00,555.78,560.53,555.73,559.85,1625
2026-08-24T18:30:00+00:00,559.85,560.55,559.53,559.82,1585
2026-08-24T19:00:00+00:00,559.82,560.15,558.32,559.34,1526
2026-08-24T19:30:00+00:00,559.34,561.12,558.44,559.15,2385
2026-08-25T13:30:00+00:00,559.15,568.09,559.15,564.75,3853
2026-08-25T14:00:00+00:00,564.75,565.03,561.88,562.68,2039
2026-08-25T14:30:00+00:00,562.68,565.48,561.43,563.75,1990
2026-08-25T15:00:00+00:00,563.75,563.87,561.13,562.9,1559
2026-08-25T15:30:00+00:00,562.9,565.88,562.83,565.08,1730
2026-08-25T16:00:00+00:00,565.08,565.82,564.27,565.4,1221
2026-08-25T16:30:00+00:00,565.4,567.23,563.83,566.91,1309
2026-08-25T17:00:00+00:00,566.91,567.16,564.75,565.02,1040
2026-08-25T17:30:00+00:00,565.02,565.48,563.48,564.84,1037
2026-08-25T18:00:00+00:00,564.84,565.6,563.98,564.61,843
2026-08-25T18:30:00+00:00,564.61,566.23,564.34,566.12,770
2026-08-25T19:00:00+00:00,566.12,566.59,565.26,565.93,973
2026-08-25T19:30:00+00:00,565.93,570.42,565.93,569.59,2498
2026-08-26T13:30:00+00:00,569.59,592.56,561.48,572.06,10069
2026-08-26T14:00:00+00:00,572.06,575.48,564.04,573.74,5170
2026-08-26T14:30:00+00:00,573.74,592.5699999999985,570.53,591.7399999999984,4882
2026-08-26T15:00:00+00:00,584.53,588.42,581.23,582.26,4338
2026-08-26T15:30:00+00:00,582.26,582.57,574.85,575.68,3229
2026-08-26T16:00:00+00:00,575.68,578.74,573.93,576.37,1993
2026-08-26T16:30:00+00:00,576.37,577.52,574.53,575.34,1693
2026-08-26T17:00:00+00:00,575.34,578.75,574.36,577.83,1708
2026-08-26T17:30:00+00:00,577.83,578.59,576.73,577.75,1420
2026-08-26T18:00:00+00:00,577.75,578.73,576.09,577.29,1486
2026-08-26T18:30:00+00:00,577.29,580.57,577.27,578.51,1893
2026-08-26T19:00:00+00:00,578.51,580.52,576.53,576.66,1760
2026-08-26T19:30:00+00:00,576.66,578.31,575.02,575.8,2890
2026-08-27T13:30:00+00:00,575.8,582.55,567.16,581.93,6093
2026-08-27T14:00:00+00:00,581.93,587.92,577.89,577.97,4761
2026-08-27T14:30:00+00:00,577.97,578.25,570.16,573.21,3273
2026-08-27T15:00:00+00:00,573.21,573.26,570.28,571.02,2274
2026-08-27T15:30:00+00:00,571.02,573.2,570.05,572.73,1498
2026-08-27T16:00:00+00:00,572.73,573.91,572.25,572.56,1066
2026-08-27T16:30:00+00:00,572.56,572.58,569.42,570.59,1433
2026-08-27T17:00:00+00:00,570.59,571.59,570.03,570.8,1238
2026-08-27T17:30:00+00:00,570.8,571.47,569.23,569.78,1317
2026-08-27T18:00:00+00:00,569.78,570.13,567.74,568.77,1343
2026-08-27T18:30:00+00:00,568.77,569.57,568.28,569.05,1238
2026-08-27T19:00:00+00:00,569.05,570.47,568.35,569.06,1437
2026-08-27T19:30:00+00:00,569.06,571.5,568.43,570.86,2633
2026-08-28T13:30:00+00:00,570.86,583.82,570.24,580.1,4384
2026-08-28T14:00:00+00:00,580.1,582.99,575.76,576.74,3483
2026-08-28T14:30:00+00:00,576.74,588.78,573.94,584.34,3616
2026-08-28T15:00:00+00:00,584.34,587.27,582.94,584.27,2800
2026-08-28T15:30:00+00:00,584.27,584.69,574.75,574.98,2725
2026-08-28T16:00:00+00:00,574.98,576.47,572.98,574.72,2243
2026-08-28T16:30:00+00:00,574.72,576.1,574.23,574.81,1416
2026-08-28T17:00:00+00:00,574.81,576.49,573.76,575.37,1433
2026-08-28T17:30:00+00:00,575.37,576.44,574.73,575.39,1169
2026-08-28T18:00:00+00:00,575.39,576.87,573.75,574.21,1427
2026-08-28T18:30:00+00:00,574.21,577.09,573.53,573.53,1457
2026-08-28T19:00:00+00:00,573.53,577.34,573.53,576.93,1472
2026-08-28T19:30:00+00:00,576.93,578.55,575.01,578,2210
2026-08-31T13:30:00+00:00,578,578,570.73,572,3432
2026-08-31T14:00:00+00:00,572,572.08,568.73,569.75,2350
2026-08-31T14:30:00+00:00,569.75,571.47,569.03,570.88,1703
2026-08-31T15:00:00+00:00,570.88,572.81,570.53,571.25,1384
2026-08-31T15:30:00+00:00,571.25,571.95,570.24,570.76,1106
2026-08-31T16:00:00+00:00,570.76,571.32,570.03,570.44,1074
2026-08-31T16:30:00+00:00,570.44,571.4,570.24,571.07,922
2026-08-31T17:00:00+00:00,571.07,571.68,570.02,570.59,1215
2026-08-31T17:30:00+00:00,570.59,571.98,570.49,571.36,984
2026-08-31T18:00:00+00:00,571.36,573.82,570.73,571.35,1330
2026-08-31T18:30:00+00:00,571.35,571.58,570.33,571.04,1005
2026-08-31T19:00:00+00:00,571.04,575.83,571.02,572.5,1933
2026-08-31T19:30:00+00:00,572.5,574.78,570.94,571.92,2501
2026-09-01T13:30:00+00:00,571.92,571.92,555.83,566.25,4060
2026-09-01T14:00:00+00:00,566.25,569.88,565.23,569.25,2176
2026-09-01T14:30:00+00:00,569.25,579.14,569.23,577.65,2628
2026-09-01T15:00:00+00:00,577.65,580.89,575.5,578.15,2658
2026-09-01T15:30:00+00:00,578.15,582.6,578.01,582.39,2254
2026-09-01T16:00:00+00:00,582.39,583.08,577.73,579.73,1778
2026-09-01T16:30:00+00:00,579.73,581.06,578.09,580.21,1272
2026-09-01T17:00:00+00:00,580.21,581.9,579.23,579.75,1440
2026-09-01T17:30:00+00:00,579.75,583.93,579.67,583.92,1285
2026-09-01T18:00:00+00:00,583.92,584.35,580.24,580.91,1479
2026-09-01T18:30:00+00:00,580.91,581.25,575.85,577.08,1531
2026-09-01T19:00:00+00:00,577.08,580.52,575.85,580.43,1392
2026-09-01T19:30:00+00:00,580.43,580.58,576.74,578.11,2560
2026-09-02T13:30:00+00:00,578.11,593.71,575.96,593.5,5306
2026-09-02T14:00:00+00:00,593.5,599.79,591.4,594.66,4173
2026-09-02T14:30:00+00:00,594.66,598.63,594.18,596.3,2878
2026-09-02T15:00:00+00:00,595.55,596.8,592.89,596.53,2036
2026-09-02T15:30:00+00:00,596.53,596.66,591.44,592.14,2016
2026-09-02T16:00:00+00:00,592.14,593.74,590.91,591.79,1968
2026-09-02T16:30:00+00:00,591.79,595.45,591.77,594.48,1597
2026-09-02T17:00:00+00:00,594.48,595.15,591.45,592.24,1475
2026-09-02T17:30:00+00:00,592.24,592.8,591.33,591.95,1366
2026-09-02T18:00:00+00:00,591.95,594.22,591.13,592.62,1436
2026-09-02T18:30:00+00:00,592.62,592.81,590.47,590.78,1325
2026-09-02T19:00:00+00:00,590.78,596.25,590.44,594.03,2280
2026-09-02T19:30:00+00:00,594.03,594.05,590.88,592.89,2444
2026-09-03T13:30:00+00:00,592.89,618.99,592.89,613.21,5565
2026-09-03T14:00:00+00:00,613.21,614.6,609.51,611.86,3038
2026-09-03T14:30:00+00:00,611.86,612.67,606.73,608.24,2497
2026-09-03T15:00:00+00:00,608.24,619.14,607.87,617.18,2802
2026-09-03T15:30:00+00:00,617.18,618.97,615.84,616.34,1797
2026-09-03T16:00:00+00:00,616.34,617.39,613.93,614.37,1521
2026-09-03T16:30:00+00:00,614.37,614.91,612.85,613.54,1298
2026-09-03T17:00:00+00:00,613.54,613.89,611.63,612.53,1252
2026-09-03T17:30:00+00:00,612.53,614.97,612.53,614.59,1459
2026-09-03T18:00:00+00:00,614.59,615.16,613.73,614.2,1429
2026-09-03T18:30:00+00:00,614.2,615.67,612.2,613.43,1292
2026-09-03T19:00:00+00:00,613.43,614.35,612.09,612.39,1178
2026-09-03T19:30:00+00:00,612.39,613.5,609.25,610.51,2337
2026-09-04T13:30:00+00:00,610.51,615.49,604.93,608.33,4097
2026-09-04T14:00:00+00:00,608.33,612.97,607.85,608.76,3173
2026-09-04T14:30:00+00:00,608.76,612.79,607.84,608.39,2423
2026-09-04T15:00:00+00:00,608.39,612.91,608.18,611.64,2222
2026-09-04T15:30:00+00:00,611.64,612.61,609.43,611.34,1734
2026-09-04T16:00:00+00:00,611.34,614,610.99,612.54,1463
2026-09-04T16:30:00+00:00,612.54,612.93,610.03,610.17,1093
2026-09-04T17:00:00+00:00,610.17,610.25,608.44,609.16,1362
2026-09-04T17:30:00+00:00,609.16,609.66,608.24,608.73,1146
2026-09-04T18:00:00+00:00,608.73,612.25,607.84,610.54,1732
2026-09-04T18:30:00+00:00,610.54,614.67,609.73,614.41,1402
2026-09-04T19:00:00+00:00,614.41,616.94,613.11,616.81,2038
2026-09-04T19:30:00+00:00,616.81,617.11,614.83,616.42,2328
2026-09-08T13:30:00+00:00,616.42,622.22,614.73,616.73,2678
2026-09-08T14:00:00+00:00,616.73,620.32,614.93,615.75,2496
2026-09-08T14:30:00+00:00,615.75,616.35,613.36,613.94,1565
2026-09-08T15:00:00+00:00,613.94,618.16,613.1,616.7,1573
2026-09-08T15:30:00+00:00,616.7,617.45,615.23,616.07,1357
2026-09-08T16:00:00+00:00,616.07,616.78,614.77,615.72,1129
2026-09-08T16:30:00+00:00,615.72,619.54,615.72,616.66,1341
2026-09-08T17:00:00+00:00,616.66,618.81,615.73,617.42,963
2026-09-08T17:30:00+00:00,617.42,618.24,616.77,616.87,873
2026-09-08T18:00:00+00:00,616.87,617.17,615.73,616.28,1234
2026-09-08T18:30:00+00:00,616.28,619.12,613.33,617.41,1440
2026-09-08T19:00:00+00:00,617.41,624.14,609.45,612.98,2972
2026-09-08T19:30:00+00:00,612.98,617.03,611.68,613.32,2308
2026-09-09T13:30:00+00:00,613.32,650.45,613.32,644.76,5212
2026-09-09T14:00:00+00:00,644.76,647.59,640.13,643.28,3241
2026-09-09T14:30:00+00:00,643.28,654.54,640.21,654.54,3211
2026-09-09T15:00:00+00:00,653.75,657.58,650.77,651.92,4236
2026-09-09T15:30:00+00:00,651.92,654.36,649.06,651.28,2305
2026-09-09T16:00:00+00:00,651.28,654.22,650.36,650.77,2503
2026-09-09T16:30:00+00:00,650.77,651.27,648.98,650.32,2267
2026-09-09T17:00:00+00:00,650.32,654.34,649.52,653.25,2328
2026-09-09T17:30:00+00:00,653.25,655.18,650.73,651.77,2196
2026-09-09T18:00:00+00:00,651.77,653.26,649.51,653.15,2214
2026-09-09T18:30:00+00:00,653.15,654.67,651.84,653.3,2487
2026-09-09T19:00:00+00:00,653.3,655.72,652.06,655.28,1874
2026-09-09T19:30:00+00:00,655.28,656.66,651.33,652.89,3267
2026-09-10T13:30:00+00:00,652.89,663.02,642.76,643.24,4148
2026-09-10T14:00:00+00:00,643.24,655.14,643.24,653.09,2359
2026-09-10T14:30:00+00:00,653.09,658.38,652.74,657.14,1873
2026-09-10T15:00:00+00:00,657.14,658.23,651.23,651.28,1591
2026-09-10T15:30:00+00:00,651.28,656.39,650.07,651.86,1831
2026-09-10T16:00:00+00:00,651.86,653.81,649.97,650.26,1134
2026-09-10T16:30:00+00:00,650.26,652.32,648.63,651.4,1050
2026-09-10T17:00:00+00:00,651.4,652.71,648.18,648.58,1144
2026-09-10T17:30:00+00:00,648.58,650.02,647.64,647.79,994
2026-09-10T18:00:00+00:00,647.79,648.95,646.28,646.89,1109
2026-09-10T18:30:00+00:00,646.89,647.22,645.23,645.5,1126
2026-09-10T19:00:00+00:00,645.5,645.91,642.93,642.94,1397
2026-09-10T19:30:00+00:00,642.94,644.74,641.87,644.62,2003
2026-09-11T13:30:00+00:00,644.62,663.61,644.62,654.58,3487
2026-09-11T14:00:00+00:00,654.58,655.89,651.24,651.55,1953
2026-09-11T14:30:00+00:00,651.55,654.05,648.5,649.08,1679
2026-09-11T15:00:00+00:00,649.08,653.85,648.84,651.56,1501
2026-09-11T15:30:00+00:00,651.56,654.29,650.23,651.65,1445
2026-09-11T16:00:00+00:00,651.65,652.54,648.58,648.63,1413
2026-09-11T16:30:00+00:00,648.63,649.67,647.09,647.3,1507
2026-09-11T17:00:00+00:00,647.3,650.21,647.25,650.05,1391
2026-09-11T17:30:00+00:00,650.05,650.73,648.23,649.15,1223
2026-09-11T18:00:00+00:00,649.15,650.29,647.74,648.98,897
2026-09-11T18:30:00+00:00,648.98,650.1,648.12,649.7,1092
2026-09-11T19:00:00+00:00,649.7,650.9,649.46,650.74,1124
2026-09-11T19:30:00+00:00,650.74,650.75,645.77,648.04,1842
2026-09-14T13:30:00+00:00,648.04,663.4,648.04,661.75,3443
2026-09-14T14:00:00+00:00,661.75,661.8,651.63,652.75,2024
2026-09-14T14:30:00+00:00,652.75,655.54,650.23,653.98,1682
2026-09-14T15:00:00+00:00,653.98,657.12,652.17,655.68,1617
2026-09-14T15:30:00+00:00,655.68,661.3,654.78,660.13,1778
2026-09-14T16:00:00+00:00,660.13,661.65,657.59,660.26,1554
2026-09-14T16:30:00+00:00,660.26,663.38,660.02,663.07,1227
2026-09-14T17:00:00+00:00,663.07,665.81,662.23,665.02,1425
2026-09-14T17:30:00+00:00,665.02,666.23,663.57,665.14,1237
2026-09-14T18:00:00+00:00,665.14,668.25,664.58,667.29,1564
2026-09-14T18:30:00+00:00,667.29,667.85,664.71,664.97,1270
2026-09-14T19:00:00+00:00,664.97,665.74,663.76,665.39,1256
2026-09-14T19:30:00+00:00,665.39,668.14,664.13,665.52,2322
2026-09-15T13:30:00+00:00,665.52,674.78,655.74,672.16,2652
2026-09-15T14:00:00+00:00,672.16,678.4,664.46,667.74,2995
2026-09-15T14:30:00+00:00,667.74,667.74,663.08,665.07,1505
2026-09-15T15:00:00+00:00,665.07,673.05,664.73,666.33,2074
2026-09-15T15:30:00+00:00,666.33,668.71,665.25,668.68,1280
2026-09-15T16:00:00+00:00,668.68,668.96,664.41,664.81,1425
2026-09-15T16:30:00+00:00,664.81,666.7,664.33,664.78,1132
2026-09-15T17:00:00+00:00,664.78,666.22,663.98,664.74,1094
2026-09-15T17:30:00+00:00,664.74,667.64,664.48,665.86,1060
2026-09-15T18:00:00+00:00,665.86,670.88,665.86,669.48,1321
2026-09-15T18:30:00+00:00,669.48,671.03,667.75,670.88,1080
2026-09-15T19:00:00+00:00,670.88,672.1,669.78,671.08,1329
2026-09-15T19:30:00+00:00,671.08,671.8,668.29,669.98,2266
2026-09-16T13:30:00+00:00,669.98,684.74,669.98,680.51,3151
2026-09-16T14:00:00+00:00,680.51,680.73,677.89,679.44,1383
2026-09-16T14:30:00+00:00,679.44,680.17,676.89,678.88,1388
2026-09-16T15:00:00+00:00,678.69,679.52,675.8,675.94,1496
2026-09-16T15:30:00+00:00,675.94,678.71,674.74,676.73,1332
2026-09-16T16:00:00+00:00,676.73,677.32,674.99,676.01,1078
2026-09-16T16:30:00+00:00,676.01,677.08,675.07,676.22,831
2026-09-16T17:00:00+00:00,676.22,676.98,675.56,676.03,1002
2026-09-16T17:30:00+00:00,676.03,676.57,673,675.39,1148
2026-09-16T18:00:00+00:00,675.39,681.68,674.83,678.17,1546
2026-09-16T18:30:00+00:00,678.17,684.27,675.73,677.74,2288
2026-09-16T19:00:00+00:00,677.74,680.01,671.41,672.49,2000
2026-09-16T19:30:00+00:00,672.49,676.85,671.28,673.83,2479
2026-09-17T13:30:00+00:00,673.83,681.57,666.73,669.73,2644
2026-09-17T14:00:00+00:00,669.73,674.94,668.93,671.75,1770
2026-09-17T14:30:00+00:00,671.75,674.68,671.45,672.6,1406
2026-09-17T15:00:00+00:00,672.6,675.44,671.09,673.89,1504
2026-09-17T15:30:00+00:00,673.89,678.99,673.61,678.26,1571
2026-09-17T16:00:00+00:00,678.26,679.09,676.74,678.86,1617
2026-09-17T16:30:00+00:00,678.86,679.38,676.73,676.99,1400
2026-09-17T17:00:00+00:00,676.99,678.67,676.73,677.53,1148
2026-09-17T17:30:00+00:00,677.53,678.08,676.52,676.82,876
2026-09-17T18:00:00+00:00,676.82,677.95,675.48,677.49,1239
2026-09-17T18:30:00+00:00,677.49,677.76,675.48,675.56,1093
2026-09-17T19:00:00+00:00,675.56,677.76,675.49,677.11,1126
2026-09-17T19:30:00+00:00,677.11,682.85,676.7,682.27,2213
2026-09-18T13:30:00+00:00,682.27,689.41,668.16,674.43,3469
2026-09-18T14:00:00+00:00,674.43,675.85,669.48,673.34,2147
2026-09-18T14:30:00+00:00,673.34,678.85,672.73,678.67,1881
2026-09-18T15:00:00+00:00,679.28,681.36,673.23,673.42,1918
2026-09-18T15:30:00+00:00,673.42,673.59,671.14,671.73,1631
2026-09-18T16:00:00+00:00,671.73,671.85,669.06,670.44,1689
2026-09-18T16:30:00+00:00,670.44,671.95,669.32,669.51,1266
2026-09-18T17:00:00+00:00,669.51,672.26,668.99,670.24,1390
2026-09-18T17:30:00+00:00,670.24,671.52,669.79,670.31,1072
2026-09-18T18:00:00+00:00,670.31,672.05,670.11,670.88,822
2026-09-18T18:30:00+00:00,670.88,673.88,670.45,672.39,1080
2026-09-18T19:00:00+00:00,672.39,672.83,669.83,670.07,988
2026-09-18T19:30:00+00:00,670.07,670.3,660.55,665.22,2033
2026-09-21T13:30:00+00:00,665.22,711.62,665.22,711.44,7216
2026-09-21T14:00:00+00:00,711.44,715.66,709,711.43,4747
2026-09-21T14:30:00+00:00,711.43,713.18,707.84,708.79,3563
2026-09-21T15:00:00+00:00,708.79,713.32,705.83,712.03,2843
2026-09-21T15:30:00+00:00,712.03,721.95,711.81,720.15,3525
2026-09-21T16:00:00+00:00,720.15,728.01,720.06,726.16,3623
2026-09-21T16:30:00+00:00,726.16,729.57,726.13,728.55,3237
2026-09-21T17:00:00+00:00,728.55,737.75,727.74,737.2,3809
2026-09-21T17:30:00+00:00,737.2,743.89,736.06,743.46,3973
2026-09-21T18:00:00+00:00,743.46,749.13,741.02,747.02,4024
2026-09-21T18:30:00+00:00,747.02,748.32,743.88,745.38,3829
2026-09-21T19:00:00+00:00,745.38,746,742.55,745.69,3373
2026-09-21T19:30:00+00:00,745.69,752.43,739.92,741.1,5044
2026-09-22T13:30:00+00:00,741.1,756.84,729.37,744.1,7221
2026-09-22T14:00:00+00:00,744.1,754.1,743.41,750.76,5140
2026-09-22T14:30:00+00:00,750.76,751.96,745.26,748.74,3084
2026-09-22T15:00:00+00:00,748.74,750.38,746.73,748.4,2204
2026-09-22T15:30:00+00:00,748.4,753.87,747.09,752.93,2231
2026-09-22T16:00:00+00:00,752.93,753.54,745.74,749.31,3412
2026-09-22T16:30:00+00:00,749.31,749.5,740.98,741.46,2378
2026-09-22T17:00:00+00:00,741.46,746.72,741,742.14,2309
2026-09-22T17:30:00+00:00,742.14,742.95,737.4,741.28,2666
2026-09-22T18:00:00+00:00,741.28,743.89,738.85,740.5,2154
2026-09-22T18:30:00+00:00,740.5,741.86,737.97,738.49,1934
2026-09-22T19:00:00+00:00,738.49,739.92,737.07,739.43,1888
2026-09-22T19:30:00+00:00,739.43,740.73,734.81,736.84,3002
2026-09-23T13:30:00+00:00,736.84,763.4,736.84,759.96,7664
2026-09-23T14:00:00+00:00,759.96,760.14,741.31,744.73,6221
2026-09-23T14:30:00+00:00,744.73,750.67,743.23,749.8,3815
2026-09-23T15:00:00+00:00,750.24,758.61,745.71,755.82,3573
2026-09-23T15:30:00+00:00,755.82,757.36,752.73,753.63,2750
2026-09-23T16:00:00+00:00,753.63,756.11,752.06,755.63,2494
2026-09-23T16:30:00+00:00,755.63,759.11,751.84,751.84,2520
2026-09-23T17:00:00+00:00,751.84,752.25,745.39,746.07,3045
2026-09-23T17:30:00+00:00,746.07,754.45,745.29,751.53,2884
2026-09-23T18:00:00+00:00,751.53,752.08,746.96,748.79,2082
2026-09-23T18:30:00+00:00,748.79,750.03,746.9,748.33,1750
2026-09-23T19:00:00+00:00,748.33,749,746.09,747,1846
2026-09-23T19:30:00+00:00,747,752.05,743.09,743.68,3260
2026-09-24T13:30:00+00:00,743.68,763.25,742.75,757.94,4686
2026-09-24T14:00:00+00:00,757.94,768.26,757.33,764.71,3567
2026-09-24T14:30:00+00:00,764.71,770.46,760.74,767.85,3156
2026-09-24T15:00:00+00:00,767.85,768.91,762.85,763.86,2238
2026-09-24T15:30:00+00:00,763.86,768.7,763.26,767.12,2063
2026-09-24T16:00:00+00:00,767.12,770.43,760.18,768.17,2707
2026-09-24T16:30:00+00:00,768.17,772.2,766.06,771.72,2022
2026-09-24T17:00:00+00:00,771.72,773.77,769.85,771.11,1934
2026-09-24T17:30:00+00:00,771.11,771.88,768.57,770.01,1612
2026-09-24T18:00:00+00:00,770.01,776.07,768.99,773.94,2320
2026-09-24T18:30:00+00:00,773.94,777.86,773.47,777.08,2010
2026-09-24T19:00:00+00:00,777.08,779.35,775.51,776.87,1936
2026-09-24T19:30:00+00:00,776.87,779.51,774.53,777.39,2920
2026-09-25T13:30:00+00:00,777.39,777.39,751.43,756.75,6377
2026-09-25T14:00:00+00:00,756.75,760.49,750.23,751.55,4712
2026-09-25T14:30:00+00:00,751.55,752.25,747.13,749.71,3139
2026-09-25T15:00:00+00:00,749.71,753.87,749.41,749.81,2651
2026-09-25T15:30:00+00:00,749.81,750.95,746.23,750.04,2326
2026-09-25T16:00:00+00:00,750.04,750.55,747.02,748.27,2612
2026-09-25T16:30:00+00:00,748.27,750.6,746.93,748.97,2114
2026-09-25T17:00:00+00:00,748.97,752.15,748.86,750.99,1788
2026-09-25T17:30:00+00:00,750.99,751.85,747.78,750.78,2245
2026-09-25T18:00:00+00:00,750.78,751.73,749.58,750.23,1554
2026-09-25T18:30:00+00:00,750.23,752.86,750,751.47,1667
2026-09-25T19:00:00+00:00,751.47,752,749.73,749.94,1854
2026-09-25T19:30:00+00:00,749.94,753.41,749.03,751.09,3030
